<Anims>
 <anim name="idle_up" root="harpoon_rope" numframes="1000" framerate="40">
  <frame idx="0" w="82" h="85" x="0.255600" y="-2.744324">
   <element name="bits" layername="rope" frame="0" z_index="5" m_a="1.000000" m_b="0.000000" m_c="0.000000" m_d="1.000000" m_tx="0.003408" m_ty="-0.036591"/>
  </frame>
  <frame idx="25" w="82" h="85" x="0.255600" y="-2.744324">
   <element name="bits" layername="rope" frame="0" z_index="5" m_a="1.000000" m_b="0.000000" m_c="0.000000" m_d="1.000000" m_tx="0.003408" m_ty="-0.036591"/>
  </frame>
  <frame idx="50" w="82" h="85" x="0.255600" y="-2.744324">
   <element name="bits" layername="rope" frame="0" z_index="5" m_a="1.000000" m_b="0.000000" m_c="0.000000" m_d="1.000000" m_tx="0.003408" m_ty="-0.036591"/>
  </frame>
  <frame idx="75" w="82" h="85" x="0.255600" y="-2.744324">
   <element name="bits" layername="rope" frame="0" z_index="5" m_a="1.000000" m_b="0.000000" m_c="0.000000" m_d="1.000000" m_tx="0.003408" m_ty="-0.036591"/>
  </frame>
  <frame idx="100" w="82" h="85" x="0.255600" y="-2.744324">
   <element name="bits" layername="rope" frame="0" z_index="5" m_a="1.000000" m_b="0.000000" m_c="0.000000" m_d="1.000000" m_tx="0.003408" m_ty="-0.036591"/>
  </frame>
  <frame idx="125" w="82" h="85" x="0.255600" y="-2.744324">
   <element name="bits" layername="rope" frame="0" z_index="5" m_a="1.000000" m_b="0.000000" m_c="0.000000" m_d="1.000000" m_tx="0.003408" m_ty="-0.036591"/>
  </frame>
  <frame idx="150" w="82" h="85" x="0.255600" y="-2.744324">
   <element name="bits" layername="rope" frame="0" z_index="5" m_a="1.000000" m_b="0.000000" m_c="0.000000" m_d="1.000000" m_tx="0.003408" m_ty="-0.036591"/>
  </frame>
  <frame idx="175" w="82" h="85" x="0.255600" y="-2.744324">
   <element name="bits" layername="rope" frame="0" z_index="5" m_a="1.000000" m_b="0.000000" m_c="0.000000" m_d="1.000000" m_tx="0.003408" m_ty="-0.036591"/>
  </frame>
  <frame idx="200" w="82" h="85" x="0.255600" y="-2.744324">
   <element name="bits" layername="rope" frame="0" z_index="5" m_a="1.000000" m_b="0.000000" m_c="0.000000" m_d="1.000000" m_tx="0.003408" m_ty="-0.036591"/>
  </frame>
  <frame idx="225" w="82" h="85" x="0.255600" y="-2.744324">
   <element name="bits" layername="rope" frame="0" z_index="5" m_a="1.000000" m_b="0.000000" m_c="0.000000" m_d="1.000000" m_tx="0.003408" m_ty="-0.036591"/>
  </frame>
  <frame idx="250" w="82" h="85" x="0.255600" y="-2.744324">
   <element name="bits" layername="rope" frame="0" z_index="5" m_a="1.000000" m_b="0.000000" m_c="0.000000" m_d="1.000000" m_tx="0.003408" m_ty="-0.036591"/>
  </frame>
  <frame idx="275" w="82" h="85" x="0.255600" y="-2.744324">
   <element name="bits" layername="rope" frame="0" z_index="5" m_a="1.000000" m_b="0.000000" m_c="0.000000" m_d="1.000000" m_tx="0.003408" m_ty="-0.036591"/>
  </frame>
  <frame idx="300" w="82" h="85" x="0.255600" y="-2.744324">
   <element name="bits" layername="rope" frame="0" z_index="5" m_a="1.000000" m_b="0.000000" m_c="0.000000" m_d="1.000000" m_tx="0.003408" m_ty="-0.036591"/>
  </frame>
  <frame idx="325" w="82" h="85" x="0.255600" y="-2.744324">
   <element name="bits" layername="rope" frame="0" z_index="5" m_a="1.000000" m_b="0.000000" m_c="0.000000" m_d="1.000000" m_tx="0.003408" m_ty="-0.036591"/>
  </frame>
  <frame idx="350" w="82" h="85" x="0.255600" y="-2.744324">
   <element name="bits" layername="rope" frame="0" z_index="5" m_a="1.000000" m_b="0.000000" m_c="0.000000" m_d="1.000000" m_tx="0.003408" m_ty="-0.036591"/>
  </frame>
  <frame idx="375" w="82" h="85" x="0.255600" y="-2.744324">
   <element name="bits" layername="rope" frame="0" z_index="5" m_a="1.000000" m_b="0.000000" m_c="0.000000" m_d="1.000000" m_tx="0.003408" m_ty="-0.036591"/>
  </frame>
  <frame idx="400" w="82" h="85" x="0.255600" y="-2.744324">
   <element name="bits" layername="rope" frame="0" z_index="5" m_a="1.000000" m_b="0.000000" m_c="0.000000" m_d="1.000000" m_tx="0.003408" m_ty="-0.036591"/>
  </frame>
  <frame idx="425" w="82" h="85" x="0.255600" y="-2.744324">
   <element name="bits" layername="rope" frame="0" z_index="5" m_a="1.000000" m_b="0.000000" m_c="0.000000" m_d="1.000000" m_tx="0.003408" m_ty="-0.036591"/>
  </frame>
  <frame idx="450" w="82" h="85" x="0.255600" y="-2.744324">
   <element name="bits" layername="rope" frame="0" z_index="5" m_a="1.000000" m_b="0.000000" m_c="0.000000" m_d="1.000000" m_tx="0.003408" m_ty="-0.036591"/>
  </frame>
  <frame idx="475" w="82" h="85" x="0.255600" y="-2.744324">
   <element name="bits" layername="rope" frame="0" z_index="5" m_a="1.000000" m_b="0.000000" m_c="0.000000" m_d="1.000000" m_tx="0.003408" m_ty="-0.036591"/>
  </frame>
  <frame idx="500" w="82" h="85" x="0.255600" y="-2.744324">
   <element name="bits" layername="rope" frame="0" z_index="5" m_a="1.000000" m_b="0.000000" m_c="0.000000" m_d="1.000000" m_tx="0.003408" m_ty="-0.036591"/>
  </frame>
  <frame idx="525" w="82" h="85" x="0.255600" y="-2.744324">
   <element name="bits" layername="rope" frame="0" z_index="5" m_a="1.000000" m_b="0.000000" m_c="0.000000" m_d="1.000000" m_tx="0.003408" m_ty="-0.036591"/>
  </frame>
  <frame idx="550" w="82" h="85" x="0.255600" y="-2.744324">
   <element name="bits" layername="rope" frame="0" z_index="5" m_a="1.000000" m_b="0.000000" m_c="0.000000" m_d="1.000000" m_tx="0.003408" m_ty="-0.036591"/>
  </frame>
  <frame idx="575" w="82" h="85" x="0.255600" y="-2.744324">
   <element name="bits" layername="rope" frame="0" z_index="5" m_a="1.000000" m_b="0.000000" m_c="0.000000" m_d="1.000000" m_tx="0.003408" m_ty="-0.036591"/>
  </frame>
  <frame idx="600" w="82" h="85" x="0.255600" y="-2.744324">
   <element name="bits" layername="rope" frame="0" z_index="5" m_a="1.000000" m_b="0.000000" m_c="0.000000" m_d="1.000000" m_tx="0.003408" m_ty="-0.036591"/>
  </frame>
  <frame idx="625" w="82" h="85" x="0.255600" y="-2.744324">
   <element name="bits" layername="rope" frame="0" z_index="5" m_a="1.000000" m_b="0.000000" m_c="0.000000" m_d="1.000000" m_tx="0.003408" m_ty="-0.036591"/>
  </frame>
  <frame idx="650" w="82" h="85" x="0.255600" y="-2.744324">
   <element name="bits" layername="rope" frame="0" z_index="5" m_a="1.000000" m_b="0.000000" m_c="0.000000" m_d="1.000000" m_tx="0.003408" m_ty="-0.036591"/>
  </frame>
  <frame idx="675" w="82" h="85" x="0.255600" y="-2.744324">
   <element name="bits" layername="rope" frame="0" z_index="5" m_a="1.000000" m_b="0.000000" m_c="0.000000" m_d="1.000000" m_tx="0.003408" m_ty="-0.036591"/>
  </frame>
  <frame idx="700" w="82" h="85" x="0.255600" y="-2.744324">
   <element name="bits" layername="rope" frame="0" z_index="5" m_a="1.000000" m_b="0.000000" m_c="0.000000" m_d="1.000000" m_tx="0.003408" m_ty="-0.036591"/>
  </frame>
  <frame idx="725" w="82" h="85" x="0.255600" y="-2.744324">
   <element name="bits" layername="rope" frame="0" z_index="5" m_a="1.000000" m_b="0.000000" m_c="0.000000" m_d="1.000000" m_tx="0.003408" m_ty="-0.036591"/>
  </frame>
  <frame idx="750" w="82" h="85" x="0.255600" y="-2.744324">
   <element name="bits" layername="rope" frame="0" z_index="5" m_a="1.000000" m_b="0.000000" m_c="0.000000" m_d="1.000000" m_tx="0.003408" m_ty="-0.036591"/>
  </frame>
  <frame idx="775" w="82" h="85" x="0.255600" y="-2.744324">
   <element name="bits" layername="rope" frame="0" z_index="5" m_a="1.000000" m_b="0.000000" m_c="0.000000" m_d="1.000000" m_tx="0.003408" m_ty="-0.036591"/>
  </frame>
  <frame idx="800" w="82" h="85" x="0.255600" y="-2.744324">
   <element name="bits" layername="rope" frame="0" z_index="5" m_a="1.000000" m_b="0.000000" m_c="0.000000" m_d="1.000000" m_tx="0.003408" m_ty="-0.036591"/>
  </frame>
  <frame idx="825" w="82" h="85" x="0.255600" y="-2.744324">
   <element name="bits" layername="rope" frame="0" z_index="5" m_a="1.000000" m_b="0.000000" m_c="0.000000" m_d="1.000000" m_tx="0.003408" m_ty="-0.036591"/>
  </frame>
  <frame idx="850" w="82" h="85" x="0.255600" y="-2.744324">
   <element name="bits" layername="rope" frame="0" z_index="5" m_a="1.000000" m_b="0.000000" m_c="0.000000" m_d="1.000000" m_tx="0.003408" m_ty="-0.036591"/>
  </frame>
  <frame idx="875" w="82" h="85" x="0.255600" y="-2.744324">
   <element name="bits" layername="rope" frame="0" z_index="5" m_a="1.000000" m_b="0.000000" m_c="0.000000" m_d="1.000000" m_tx="0.003408" m_ty="-0.036591"/>
  </frame>
  <frame idx="900" w="82" h="85" x="0.255600" y="-2.744324">
   <element name="bits" layername="rope" frame="0" z_index="5" m_a="1.000000" m_b="0.000000" m_c="0.000000" m_d="1.000000" m_tx="0.003408" m_ty="-0.036591"/>
  </frame>
  <frame idx="925" w="82" h="85" x="0.255600" y="-2.744324">
   <element name="bits" layername="rope" frame="0" z_index="5" m_a="1.000000" m_b="0.000000" m_c="0.000000" m_d="1.000000" m_tx="0.003408" m_ty="-0.036591"/>
  </frame>
  <frame idx="950" w="82" h="85" x="0.255600" y="-2.744324">
   <element name="bits" layername="rope" frame="0" z_index="5" m_a="1.000000" m_b="0.000000" m_c="0.000000" m_d="1.000000" m_tx="0.003408" m_ty="-0.036591"/>
  </frame>
  <frame idx="975" w="82" h="85" x="0.255600" y="-2.744324">
   <element name="bits" layername="rope" frame="0" z_index="5" m_a="1.000000" m_b="0.000000" m_c="0.000000" m_d="1.000000" m_tx="0.003408" m_ty="-0.036591"/>
  </frame>
 </anim>
 <anim name="idle_upside" root="harpoon_rope" numframes="1000" framerate="40">
  <frame idx="0" w="157" h="103" x="-36.744408" y="12.581577">
   <element name="bits" layername="rope" frame="0" z_index="5" m_a="0.707107" m_b="0.707107" m_c="-0.707107" m_d="0.707107" m_tx="0.003408" m_ty="-0.036591"/>
  </frame>
  <frame idx="25" w="157" h="103" x="-36.744408" y="12.581577">
   <element name="bits" layername="rope" frame="0" z_index="5" m_a="0.707107" m_b="0.707107" m_c="-0.707107" m_d="0.707107" m_tx="0.003408" m_ty="-0.036591"/>
  </frame>
  <frame idx="50" w="157" h="103" x="-36.744408" y="12.581577">
   <element name="bits" layername="rope" frame="0" z_index="5" m_a="0.707107" m_b="0.707107" m_c="-0.707107" m_d="0.707107" m_tx="0.003408" m_ty="-0.036591"/>
  </frame>
  <frame idx="75" w="157" h="103" x="-36.744408" y="12.581577">
   <element name="bits" layername="rope" frame="0" z_index="5" m_a="0.707107" m_b="0.707107" m_c="-0.707107" m_d="0.707107" m_tx="0.003408" m_ty="-0.036591"/>
  </frame>
  <frame idx="100" w="157" h="103" x="-36.744408" y="12.581577">
   <element name="bits" layername="rope" frame="0" z_index="5" m_a="0.707107" m_b="0.707107" m_c="-0.707107" m_d="0.707107" m_tx="0.003408" m_ty="-0.036591"/>
  </frame>
  <frame idx="125" w="157" h="103" x="-36.744408" y="12.581577">
   <element name="bits" layername="rope" frame="0" z_index="5" m_a="0.707107" m_b="0.707107" m_c="-0.707107" m_d="0.707107" m_tx="0.003408" m_ty="-0.036591"/>
  </frame>
  <frame idx="150" w="157" h="103" x="-36.744408" y="12.581577">
   <element name="bits" layername="rope" frame="0" z_index="5" m_a="0.707107" m_b="0.707107" m_c="-0.707107" m_d="0.707107" m_tx="0.003408" m_ty="-0.036591"/>
  </frame>
  <frame idx="175" w="157" h="103" x="-36.744408" y="12.581577">
   <element name="bits" layername="rope" frame="0" z_index="5" m_a="0.707107" m_b="0.707107" m_c="-0.707107" m_d="0.707107" m_tx="0.003408" m_ty="-0.036591"/>
  </frame>
  <frame idx="200" w="157" h="103" x="-36.744408" y="12.581577">
   <element name="bits" layername="rope" frame="0" z_index="5" m_a="0.707107" m_b="0.707107" m_c="-0.707107" m_d="0.707107" m_tx="0.003408" m_ty="-0.036591"/>
  </frame>
  <frame idx="225" w="157" h="103" x="-36.744408" y="12.581577">
   <element name="bits" layername="rope" frame="0" z_index="5" m_a="0.707107" m_b="0.707107" m_c="-0.707107" m_d="0.707107" m_tx="0.003408" m_ty="-0.036591"/>
  </frame>
  <frame idx="250" w="157" h="103" x="-36.744408" y="12.581577">
   <element name="bits" layername="rope" frame="0" z_index="5" m_a="0.707107" m_b="0.707107" m_c="-0.707107" m_d="0.707107" m_tx="0.003408" m_ty="-0.036591"/>
  </frame>
  <frame idx="275" w="157" h="103" x="-36.744408" y="12.581577">
   <element name="bits" layername="rope" frame="0" z_index="5" m_a="0.707107" m_b="0.707107" m_c="-0.707107" m_d="0.707107" m_tx="0.003408" m_ty="-0.036591"/>
  </frame>
  <frame idx="300" w="157" h="103" x="-36.744408" y="12.581577">
   <element name="bits" layername="rope" frame="0" z_index="5" m_a="0.707107" m_b="0.707107" m_c="-0.707107" m_d="0.707107" m_tx="0.003408" m_ty="-0.036591"/>
  </frame>
  <frame idx="325" w="157" h="103" x="-36.744408" y="12.581577">
   <element name="bits" layername="rope" frame="0" z_index="5" m_a="0.707107" m_b="0.707107" m_c="-0.707107" m_d="0.707107" m_tx="0.003408" m_ty="-0.036591"/>
  </frame>
  <frame idx="350" w="157" h="103" x="-36.744408" y="12.581577">
   <element name="bits" layername="rope" frame="0" z_index="5" m_a="0.707107" m_b="0.707107" m_c="-0.707107" m_d="0.707107" m_tx="0.003408" m_ty="-0.036591"/>
  </frame>
  <frame idx="375" w="157" h="103" x="-36.744408" y="12.581577">
   <element name="bits" layername="rope" frame="0" z_index="5" m_a="0.707107" m_b="0.707107" m_c="-0.707107" m_d="0.707107" m_tx="0.003408" m_ty="-0.036591"/>
  </frame>
  <frame idx="400" w="157" h="103" x="-36.744408" y="12.581577">
   <element name="bits" layername="rope" frame="0" z_index="5" m_a="0.707107" m_b="0.707107" m_c="-0.707107" m_d="0.707107" m_tx="0.003408" m_ty="-0.036591"/>
  </frame>
  <frame idx="425" w="157" h="103" x="-36.744408" y="12.581577">
   <element name="bits" layername="rope" frame="0" z_index="5" m_a="0.707107" m_b="0.707107" m_c="-0.707107" m_d="0.707107" m_tx="0.003408" m_ty="-0.036591"/>
  </frame>
  <frame idx="450" w="157" h="103" x="-36.744408" y="12.581577">
   <element name="bits" layername="rope" frame="0" z_index="5" m_a="0.707107" m_b="0.707107" m_c="-0.707107" m_d="0.707107" m_tx="0.003408" m_ty="-0.036591"/>
  </frame>
  <frame idx="475" w="157" h="103" x="-36.744408" y="12.581577">
   <element name="bits" layername="rope" frame="0" z_index="5" m_a="0.707107" m_b="0.707107" m_c="-0.707107" m_d="0.707107" m_tx="0.003408" m_ty="-0.036591"/>
  </frame>
  <frame idx="500" w="157" h="103" x="-36.744408" y="12.581577">
   <element name="bits" layername="rope" frame="0" z_index="5" m_a="0.707107" m_b="0.707107" m_c="-0.707107" m_d="0.707107" m_tx="0.003408" m_ty="-0.036591"/>
  </frame>
  <frame idx="525" w="157" h="103" x="-36.744408" y="12.581577">
   <element name="bits" layername="rope" frame="0" z_index="5" m_a="0.707107" m_b="0.707107" m_c="-0.707107" m_d="0.707107" m_tx="0.003408" m_ty="-0.036591"/>
  </frame>
  <frame idx="550" w="157" h="103" x="-36.744408" y="12.581577">
   <element name="bits" layername="rope" frame="0" z_index="5" m_a="0.707107" m_b="0.707107" m_c="-0.707107" m_d="0.707107" m_tx="0.003408" m_ty="-0.036591"/>
  </frame>
  <frame idx="575" w="157" h="103" x="-36.744408" y="12.581577">
   <element name="bits" layername="rope" frame="0" z_index="5" m_a="0.707107" m_b="0.707107" m_c="-0.707107" m_d="0.707107" m_tx="0.003408" m_ty="-0.036591"/>
  </frame>
  <frame idx="600" w="157" h="103" x="-36.744408" y="12.581577">
   <element name="bits" layername="rope" frame="0" z_index="5" m_a="0.707107" m_b="0.707107" m_c="-0.707107" m_d="0.707107" m_tx="0.003408" m_ty="-0.036591"/>
  </frame>
  <frame idx="625" w="157" h="103" x="-36.744408" y="12.581577">
   <element name="bits" layername="rope" frame="0" z_index="5" m_a="0.707107" m_b="0.707107" m_c="-0.707107" m_d="0.707107" m_tx="0.003408" m_ty="-0.036591"/>
  </frame>
  <frame idx="650" w="157" h="103" x="-36.744408" y="12.581577">
   <element name="bits" layername="rope" frame="0" z_index="5" m_a="0.707107" m_b="0.707107" m_c="-0.707107" m_d="0.707107" m_tx="0.003408" m_ty="-0.036591"/>
  </frame>
  <frame idx="675" w="157" h="103" x="-36.744408" y="12.581577">
   <element name="bits" layername="rope" frame="0" z_index="5" m_a="0.707107" m_b="0.707107" m_c="-0.707107" m_d="0.707107" m_tx="0.003408" m_ty="-0.036591"/>
  </frame>
  <frame idx="700" w="157" h="103" x="-36.744408" y="12.581577">
   <element name="bits" layername="rope" frame="0" z_index="5" m_a="0.707107" m_b="0.707107" m_c="-0.707107" m_d="0.707107" m_tx="0.003408" m_ty="-0.036591"/>
  </frame>
  <frame idx="725" w="157" h="103" x="-36.744408" y="12.581577">
   <element name="bits" layername="rope" frame="0" z_index="5" m_a="0.707107" m_b="0.707107" m_c="-0.707107" m_d="0.707107" m_tx="0.003408" m_ty="-0.036591"/>
  </frame>
  <frame idx="750" w="157" h="103" x="-36.744408" y="12.581577">
   <element name="bits" layername="rope" frame="0" z_index="5" m_a="0.707107" m_b="0.707107" m_c="-0.707107" m_d="0.707107" m_tx="0.003408" m_ty="-0.036591"/>
  </frame>
  <frame idx="775" w="157" h="103" x="-36.744408" y="12.581577">
   <element name="bits" layername="rope" frame="0" z_index="5" m_a="0.707107" m_b="0.707107" m_c="-0.707107" m_d="0.707107" m_tx="0.003408" m_ty="-0.036591"/>
  </frame>
  <frame idx="800" w="157" h="103" x="-36.744408" y="12.581577">
   <element name="bits" layername="rope" frame="0" z_index="5" m_a="0.707107" m_b="0.707107" m_c="-0.707107" m_d="0.707107" m_tx="0.003408" m_ty="-0.036591"/>
  </frame>
  <frame idx="825" w="157" h="103" x="-36.744408" y="12.581577">
   <element name="bits" layername="rope" frame="0" z_index="5" m_a="0.707107" m_b="0.707107" m_c="-0.707107" m_d="0.707107" m_tx="0.003408" m_ty="-0.036591"/>
  </frame>
  <frame idx="850" w="157" h="103" x="-36.744408" y="12.581577">
   <element name="bits" layername="rope" frame="0" z_index="5" m_a="0.707107" m_b="0.707107" m_c="-0.707107" m_d="0.707107" m_tx="0.003408" m_ty="-0.036591"/>
  </frame>
  <frame idx="875" w="157" h="103" x="-36.744408" y="12.581577">
   <element name="bits" layername="rope" frame="0" z_index="5" m_a="0.707107" m_b="0.707107" m_c="-0.707107" m_d="0.707107" m_tx="0.003408" m_ty="-0.036591"/>
  </frame>
  <frame idx="900" w="157" h="103" x="-36.744408" y="12.581577">
   <element name="bits" layername="rope" frame="0" z_index="5" m_a="0.707107" m_b="0.707107" m_c="-0.707107" m_d="0.707107" m_tx="0.003408" m_ty="-0.036591"/>
  </frame>
  <frame idx="925" w="157" h="103" x="-36.744408" y="12.581577">
   <element name="bits" layername="rope" frame="0" z_index="5" m_a="0.707107" m_b="0.707107" m_c="-0.707107" m_d="0.707107" m_tx="0.003408" m_ty="-0.036591"/>
  </frame>
  <frame idx="950" w="157" h="103" x="-36.744408" y="12.581577">
   <element name="bits" layername="rope" frame="0" z_index="5" m_a="0.707107" m_b="0.707107" m_c="-0.707107" m_d="0.707107" m_tx="0.003408" m_ty="-0.036591"/>
  </frame>
  <frame idx="975" w="157" h="103" x="-36.744408" y="12.581577">
   <element name="bits" layername="rope" frame="0" z_index="5" m_a="0.707107" m_b="0.707107" m_c="-0.707107" m_d="0.707107" m_tx="0.003408" m_ty="-0.036591"/>
  </frame>
 </anim>
 <anim name="idle_side" root="harpoon_rope" numframes="1000" framerate="40">
  <frame idx="0" w="163" h="85" x="-73.744400" y="-2.744324">
   <element name="bits" layername="rope" frame="0" z_index="5" m_a="0.000000" m_b="1.000000" m_c="-1.000000" m_d="0.000000" m_tx="0.003408" m_ty="-0.036591"/>
  </frame>
  <frame idx="25" w="163" h="85" x="-73.744400" y="-2.744324">
   <element name="bits" layername="rope" frame="0" z_index="5" m_a="0.000000" m_b="1.000000" m_c="-1.000000" m_d="0.000000" m_tx="0.003408" m_ty="-0.036591"/>
  </frame>
  <frame idx="50" w="163" h="85" x="-73.744400" y="-2.744324">
   <element name="bits" layername="rope" frame="0" z_index="5" m_a="0.000000" m_b="1.000000" m_c="-1.000000" m_d="0.000000" m_tx="0.003408" m_ty="-0.036591"/>
  </frame>
  <frame idx="75" w="163" h="85" x="-73.744400" y="-2.744324">
   <element name="bits" layername="rope" frame="0" z_index="5" m_a="0.000000" m_b="1.000000" m_c="-1.000000" m_d="0.000000" m_tx="0.003408" m_ty="-0.036591"/>
  </frame>
  <frame idx="100" w="163" h="85" x="-73.744400" y="-2.744324">
   <element name="bits" layername="rope" frame="0" z_index="5" m_a="0.000000" m_b="1.000000" m_c="-1.000000" m_d="0.000000" m_tx="0.003408" m_ty="-0.036591"/>
  </frame>
  <frame idx="125" w="163" h="85" x="-73.744400" y="-2.744324">
   <element name="bits" layername="rope" frame="0" z_index="5" m_a="0.000000" m_b="1.000000" m_c="-1.000000" m_d="0.000000" m_tx="0.003408" m_ty="-0.036591"/>
  </frame>
  <frame idx="150" w="163" h="85" x="-73.744400" y="-2.744324">
   <element name="bits" layername="rope" frame="0" z_index="5" m_a="0.000000" m_b="1.000000" m_c="-1.000000" m_d="0.000000" m_tx="0.003408" m_ty="-0.036591"/>
  </frame>
  <frame idx="175" w="163" h="85" x="-73.744400" y="-2.744324">
   <element name="bits" layername="rope" frame="0" z_index="5" m_a="0.000000" m_b="1.000000" m_c="-1.000000" m_d="0.000000" m_tx="0.003408" m_ty="-0.036591"/>
  </frame>
  <frame idx="200" w="163" h="85" x="-73.744400" y="-2.744324">
   <element name="bits" layername="rope" frame="0" z_index="5" m_a="0.000000" m_b="1.000000" m_c="-1.000000" m_d="0.000000" m_tx="0.003408" m_ty="-0.036591"/>
  </frame>
  <frame idx="225" w="163" h="85" x="-73.744400" y="-2.744324">
   <element name="bits" layername="rope" frame="0" z_index="5" m_a="0.000000" m_b="1.000000" m_c="-1.000000" m_d="0.000000" m_tx="0.003408" m_ty="-0.036591"/>
  </frame>
  <frame idx="250" w="163" h="85" x="-73.744400" y="-2.744324">
   <element name="bits" layername="rope" frame="0" z_index="5" m_a="0.000000" m_b="1.000000" m_c="-1.000000" m_d="0.000000" m_tx="0.003408" m_ty="-0.036591"/>
  </frame>
  <frame idx="275" w="163" h="85" x="-73.744400" y="-2.744324">
   <element name="bits" layername="rope" frame="0" z_index="5" m_a="0.000000" m_b="1.000000" m_c="-1.000000" m_d="0.000000" m_tx="0.003408" m_ty="-0.036591"/>
  </frame>
  <frame idx="300" w="163" h="85" x="-73.744400" y="-2.744324">
   <element name="bits" layername="rope" frame="0" z_index="5" m_a="0.000000" m_b="1.000000" m_c="-1.000000" m_d="0.000000" m_tx="0.003408" m_ty="-0.036591"/>
  </frame>
  <frame idx="325" w="163" h="85" x="-73.744400" y="-2.744324">
   <element name="bits" layername="rope" frame="0" z_index="5" m_a="0.000000" m_b="1.000000" m_c="-1.000000" m_d="0.000000" m_tx="0.003408" m_ty="-0.036591"/>
  </frame>
  <frame idx="350" w="163" h="85" x="-73.744400" y="-2.744324">
   <element name="bits" layername="rope" frame="0" z_index="5" m_a="0.000000" m_b="1.000000" m_c="-1.000000" m_d="0.000000" m_tx="0.003408" m_ty="-0.036591"/>
  </frame>
  <frame idx="375" w="163" h="85" x="-73.744400" y="-2.744324">
   <element name="bits" layername="rope" frame="0" z_index="5" m_a="0.000000" m_b="1.000000" m_c="-1.000000" m_d="0.000000" m_tx="0.003408" m_ty="-0.036591"/>
  </frame>
  <frame idx="400" w="163" h="85" x="-73.744400" y="-2.744324">
   <element name="bits" layername="rope" frame="0" z_index="5" m_a="0.000000" m_b="1.000000" m_c="-1.000000" m_d="0.000000" m_tx="0.003408" m_ty="-0.036591"/>
  </frame>
  <frame idx="425" w="163" h="85" x="-73.744400" y="-2.744324">
   <element name="bits" layername="rope" frame="0" z_index="5" m_a="0.000000" m_b="1.000000" m_c="-1.000000" m_d="0.000000" m_tx="0.003408" m_ty="-0.036591"/>
  </frame>
  <frame idx="450" w="163" h="85" x="-73.744400" y="-2.744324">
   <element name="bits" layername="rope" frame="0" z_index="5" m_a="0.000000" m_b="1.000000" m_c="-1.000000" m_d="0.000000" m_tx="0.003408" m_ty="-0.036591"/>
  </frame>
  <frame idx="475" w="163" h="85" x="-73.744400" y="-2.744324">
   <element name="bits" layername="rope" frame="0" z_index="5" m_a="0.000000" m_b="1.000000" m_c="-1.000000" m_d="0.000000" m_tx="0.003408" m_ty="-0.036591"/>
  </frame>
  <frame idx="500" w="163" h="85" x="-73.744400" y="-2.744324">
   <element name="bits" layername="rope" frame="0" z_index="5" m_a="0.000000" m_b="1.000000" m_c="-1.000000" m_d="0.000000" m_tx="0.003408" m_ty="-0.036591"/>
  </frame>
  <frame idx="525" w="163" h="85" x="-73.744400" y="-2.744324">
   <element name="bits" layername="rope" frame="0" z_index="5" m_a="0.000000" m_b="1.000000" m_c="-1.000000" m_d="0.000000" m_tx="0.003408" m_ty="-0.036591"/>
  </frame>
  <frame idx="550" w="163" h="85" x="-73.744400" y="-2.744324">
   <element name="bits" layername="rope" frame="0" z_index="5" m_a="0.000000" m_b="1.000000" m_c="-1.000000" m_d="0.000000" m_tx="0.003408" m_ty="-0.036591"/>
  </frame>
  <frame idx="575" w="163" h="85" x="-73.744400" y="-2.744324">
   <element name="bits" layername="rope" frame="0" z_index="5" m_a="0.000000" m_b="1.000000" m_c="-1.000000" m_d="0.000000" m_tx="0.003408" m_ty="-0.036591"/>
  </frame>
  <frame idx="600" w="163" h="85" x="-73.744400" y="-2.744324">
   <element name="bits" layername="rope" frame="0" z_index="5" m_a="0.000000" m_b="1.000000" m_c="-1.000000" m_d="0.000000" m_tx="0.003408" m_ty="-0.036591"/>
  </frame>
  <frame idx="625" w="163" h="85" x="-73.744400" y="-2.744324">
   <element name="bits" layername="rope" frame="0" z_index="5" m_a="0.000000" m_b="1.000000" m_c="-1.000000" m_d="0.000000" m_tx="0.003408" m_ty="-0.036591"/>
  </frame>
  <frame idx="650" w="163" h="85" x="-73.744400" y="-2.744324">
   <element name="bits" layername="rope" frame="0" z_index="5" m_a="0.000000" m_b="1.000000" m_c="-1.000000" m_d="0.000000" m_tx="0.003408" m_ty="-0.036591"/>
  </frame>
  <frame idx="675" w="163" h="85" x="-73.744400" y="-2.744324">
   <element name="bits" layername="rope" frame="0" z_index="5" m_a="0.000000" m_b="1.000000" m_c="-1.000000" m_d="0.000000" m_tx="0.003408" m_ty="-0.036591"/>
  </frame>
  <frame idx="700" w="163" h="85" x="-73.744400" y="-2.744324">
   <element name="bits" layername="rope" frame="0" z_index="5" m_a="0.000000" m_b="1.000000" m_c="-1.000000" m_d="0.000000" m_tx="0.003408" m_ty="-0.036591"/>
  </frame>
  <frame idx="725" w="163" h="85" x="-73.744400" y="-2.744324">
   <element name="bits" layername="rope" frame="0" z_index="5" m_a="0.000000" m_b="1.000000" m_c="-1.000000" m_d="0.000000" m_tx="0.003408" m_ty="-0.036591"/>
  </frame>
  <frame idx="750" w="163" h="85" x="-73.744400" y="-2.744324">
   <element name="bits" layername="rope" frame="0" z_index="5" m_a="0.000000" m_b="1.000000" m_c="-1.000000" m_d="0.000000" m_tx="0.003408" m_ty="-0.036591"/>
  </frame>
  <frame idx="775" w="163" h="85" x="-73.744400" y="-2.744324">
   <element name="bits" layername="rope" frame="0" z_index="5" m_a="0.000000" m_b="1.000000" m_c="-1.000000" m_d="0.000000" m_tx="0.003408" m_ty="-0.036591"/>
  </frame>
  <frame idx="800" w="163" h="85" x="-73.744400" y="-2.744324">
   <element name="bits" layername="rope" frame="0" z_index="5" m_a="0.000000" m_b="1.000000" m_c="-1.000000" m_d="0.000000" m_tx="0.003408" m_ty="-0.036591"/>
  </frame>
  <frame idx="825" w="163" h="85" x="-73.744400" y="-2.744324">
   <element name="bits" layername="rope" frame="0" z_index="5" m_a="0.000000" m_b="1.000000" m_c="-1.000000" m_d="0.000000" m_tx="0.003408" m_ty="-0.036591"/>
  </frame>
  <frame idx="850" w="163" h="85" x="-73.744400" y="-2.744324">
   <element name="bits" layername="rope" frame="0" z_index="5" m_a="0.000000" m_b="1.000000" m_c="-1.000000" m_d="0.000000" m_tx="0.003408" m_ty="-0.036591"/>
  </frame>
  <frame idx="875" w="163" h="85" x="-73.744400" y="-2.744324">
   <element name="bits" layername="rope" frame="0" z_index="5" m_a="0.000000" m_b="1.000000" m_c="-1.000000" m_d="0.000000" m_tx="0.003408" m_ty="-0.036591"/>
  </frame>
  <frame idx="900" w="163" h="85" x="-73.744400" y="-2.744324">
   <element name="bits" layername="rope" frame="0" z_index="5" m_a="0.000000" m_b="1.000000" m_c="-1.000000" m_d="0.000000" m_tx="0.003408" m_ty="-0.036591"/>
  </frame>
  <frame idx="925" w="163" h="85" x="-73.744400" y="-2.744324">
   <element name="bits" layername="rope" frame="0" z_index="5" m_a="0.000000" m_b="1.000000" m_c="-1.000000" m_d="0.000000" m_tx="0.003408" m_ty="-0.036591"/>
  </frame>
  <frame idx="950" w="163" h="85" x="-73.744400" y="-2.744324">
   <element name="bits" layername="rope" frame="0" z_index="5" m_a="0.000000" m_b="1.000000" m_c="-1.000000" m_d="0.000000" m_tx="0.003408" m_ty="-0.036591"/>
  </frame>
  <frame idx="975" w="163" h="85" x="-73.744400" y="-2.744324">
   <element name="bits" layername="rope" frame="0" z_index="5" m_a="0.000000" m_b="1.000000" m_c="-1.000000" m_d="0.000000" m_tx="0.003408" m_ty="-0.036591"/>
  </frame>
 </anim>
 <anim name="idle_downside" root="harpoon_rope" numframes="1000" framerate="40">
  <frame idx="0" w="214" h="160" x="-89.070305" y="-39.744328">
   <element name="bits" layername="rope" frame="0" z_index="5" m_a="-0.707107" m_b="0.707107" m_c="-0.707107" m_d="-0.707107" m_tx="0.003408" m_ty="-0.036591"/>
  </frame>
  <frame idx="25" w="214" h="160" x="-89.070305" y="-39.744328">
   <element name="bits" layername="rope" frame="0" z_index="5" m_a="-0.707107" m_b="0.707107" m_c="-0.707107" m_d="-0.707107" m_tx="0.003408" m_ty="-0.036591"/>
  </frame>
  <frame idx="50" w="214" h="160" x="-89.070305" y="-39.744328">
   <element name="bits" layername="rope" frame="0" z_index="5" m_a="-0.707107" m_b="0.707107" m_c="-0.707107" m_d="-0.707107" m_tx="0.003408" m_ty="-0.036591"/>
  </frame>
  <frame idx="75" w="214" h="160" x="-89.070305" y="-39.744328">
   <element name="bits" layername="rope" frame="0" z_index="5" m_a="-0.707107" m_b="0.707107" m_c="-0.707107" m_d="-0.707107" m_tx="0.003408" m_ty="-0.036591"/>
  </frame>
  <frame idx="100" w="214" h="160" x="-89.070305" y="-39.744328">
   <element name="bits" layername="rope" frame="0" z_index="5" m_a="-0.707107" m_b="0.707107" m_c="-0.707107" m_d="-0.707107" m_tx="0.003408" m_ty="-0.036591"/>
  </frame>
  <frame idx="125" w="214" h="160" x="-89.070305" y="-39.744328">
   <element name="bits" layername="rope" frame="0" z_index="5" m_a="-0.707107" m_b="0.707107" m_c="-0.707107" m_d="-0.707107" m_tx="0.003408" m_ty="-0.036591"/>
  </frame>
  <frame idx="150" w="214" h="160" x="-89.070305" y="-39.744328">
   <element name="bits" layername="rope" frame="0" z_index="5" m_a="-0.707107" m_b="0.707107" m_c="-0.707107" m_d="-0.707107" m_tx="0.003408" m_ty="-0.036591"/>
  </frame>
  <frame idx="175" w="214" h="160" x="-89.070305" y="-39.744328">
   <element name="bits" layername="rope" frame="0" z_index="5" m_a="-0.707107" m_b="0.707107" m_c="-0.707107" m_d="-0.707107" m_tx="0.003408" m_ty="-0.036591"/>
  </frame>
  <frame idx="200" w="214" h="160" x="-89.070305" y="-39.744328">
   <element name="bits" layername="rope" frame="0" z_index="5" m_a="-0.707107" m_b="0.707107" m_c="-0.707107" m_d="-0.707107" m_tx="0.003408" m_ty="-0.036591"/>
  </frame>
  <frame idx="225" w="214" h="160" x="-89.070305" y="-39.744328">
   <element name="bits" layername="rope" frame="0" z_index="5" m_a="-0.707107" m_b="0.707107" m_c="-0.707107" m_d="-0.707107" m_tx="0.003408" m_ty="-0.036591"/>
  </frame>
  <frame idx="250" w="214" h="160" x="-89.070305" y="-39.744328">
   <element name="bits" layername="rope" frame="0" z_index="5" m_a="-0.707107" m_b="0.707107" m_c="-0.707107" m_d="-0.707107" m_tx="0.003408" m_ty="-0.036591"/>
  </frame>
  <frame idx="275" w="214" h="160" x="-89.070305" y="-39.744328">
   <element name="bits" layername="rope" frame="0" z_index="5" m_a="-0.707107" m_b="0.707107" m_c="-0.707107" m_d="-0.707107" m_tx="0.003408" m_ty="-0.036591"/>
  </frame>
  <frame idx="300" w="214" h="160" x="-89.070305" y="-39.744328">
   <element name="bits" layername="rope" frame="0" z_index="5" m_a="-0.707107" m_b="0.707107" m_c="-0.707107" m_d="-0.707107" m_tx="0.003408" m_ty="-0.036591"/>
  </frame>
  <frame idx="325" w="214" h="160" x="-89.070305" y="-39.744328">
   <element name="bits" layername="rope" frame="0" z_index="5" m_a="-0.707107" m_b="0.707107" m_c="-0.707107" m_d="-0.707107" m_tx="0.003408" m_ty="-0.036591"/>
  </frame>
  <frame idx="350" w="214" h="160" x="-89.070305" y="-39.744328">
   <element name="bits" layername="rope" frame="0" z_index="5" m_a="-0.707107" m_b="0.707107" m_c="-0.707107" m_d="-0.707107" m_tx="0.003408" m_ty="-0.036591"/>
  </frame>
  <frame idx="375" w="214" h="160" x="-89.070305" y="-39.744328">
   <element name="bits" layername="rope" frame="0" z_index="5" m_a="-0.707107" m_b="0.707107" m_c="-0.707107" m_d="-0.707107" m_tx="0.003408" m_ty="-0.036591"/>
  </frame>
  <frame idx="400" w="214" h="160" x="-89.070305" y="-39.744328">
   <element name="bits" layername="rope" frame="0" z_index="5" m_a="-0.707107" m_b="0.707107" m_c="-0.707107" m_d="-0.707107" m_tx="0.003408" m_ty="-0.036591"/>
  </frame>
  <frame idx="425" w="214" h="160" x="-89.070305" y="-39.744328">
   <element name="bits" layername="rope" frame="0" z_index="5" m_a="-0.707107" m_b="0.707107" m_c="-0.707107" m_d="-0.707107" m_tx="0.003408" m_ty="-0.036591"/>
  </frame>
  <frame idx="450" w="214" h="160" x="-89.070305" y="-39.744328">
   <element name="bits" layername="rope" frame="0" z_index="5" m_a="-0.707107" m_b="0.707107" m_c="-0.707107" m_d="-0.707107" m_tx="0.003408" m_ty="-0.036591"/>
  </frame>
  <frame idx="475" w="214" h="160" x="-89.070305" y="-39.744328">
   <element name="bits" layername="rope" frame="0" z_index="5" m_a="-0.707107" m_b="0.707107" m_c="-0.707107" m_d="-0.707107" m_tx="0.003408" m_ty="-0.036591"/>
  </frame>
  <frame idx="500" w="214" h="160" x="-89.070305" y="-39.744328">
   <element name="bits" layername="rope" frame="0" z_index="5" m_a="-0.707107" m_b="0.707107" m_c="-0.707107" m_d="-0.707107" m_tx="0.003408" m_ty="-0.036591"/>
  </frame>
  <frame idx="525" w="214" h="160" x="-89.070305" y="-39.744328">
   <element name="bits" layername="rope" frame="0" z_index="5" m_a="-0.707107" m_b="0.707107" m_c="-0.707107" m_d="-0.707107" m_tx="0.003408" m_ty="-0.036591"/>
  </frame>
  <frame idx="550" w="214" h="160" x="-89.070305" y="-39.744328">
   <element name="bits" layername="rope" frame="0" z_index="5" m_a="-0.707107" m_b="0.707107" m_c="-0.707107" m_d="-0.707107" m_tx="0.003408" m_ty="-0.036591"/>
  </frame>
  <frame idx="575" w="214" h="160" x="-89.070305" y="-39.744328">
   <element name="bits" layername="rope" frame="0" z_index="5" m_a="-0.707107" m_b="0.707107" m_c="-0.707107" m_d="-0.707107" m_tx="0.003408" m_ty="-0.036591"/>
  </frame>
  <frame idx="600" w="214" h="160" x="-89.070305" y="-39.744328">
   <element name="bits" layername="rope" frame="0" z_index="5" m_a="-0.707107" m_b="0.707107" m_c="-0.707107" m_d="-0.707107" m_tx="0.003408" m_ty="-0.036591"/>
  </frame>
  <frame idx="625" w="214" h="160" x="-89.070305" y="-39.744328">
   <element name="bits" layername="rope" frame="0" z_index="5" m_a="-0.707107" m_b="0.707107" m_c="-0.707107" m_d="-0.707107" m_tx="0.003408" m_ty="-0.036591"/>
  </frame>
  <frame idx="650" w="214" h="160" x="-89.070305" y="-39.744328">
   <element name="bits" layername="rope" frame="0" z_index="5" m_a="-0.707107" m_b="0.707107" m_c="-0.707107" m_d="-0.707107" m_tx="0.003408" m_ty="-0.036591"/>
  </frame>
  <frame idx="675" w="214" h="160" x="-89.070305" y="-39.744328">
   <element name="bits" layername="rope" frame="0" z_index="5" m_a="-0.707107" m_b="0.707107" m_c="-0.707107" m_d="-0.707107" m_tx="0.003408" m_ty="-0.036591"/>
  </frame>
  <frame idx="700" w="214" h="160" x="-89.070305" y="-39.744328">
   <element name="bits" layername="rope" frame="0" z_index="5" m_a="-0.707107" m_b="0.707107" m_c="-0.707107" m_d="-0.707107" m_tx="0.003408" m_ty="-0.036591"/>
  </frame>
  <frame idx="725" w="214" h="160" x="-89.070305" y="-39.744328">
   <element name="bits" layername="rope" frame="0" z_index="5" m_a="-0.707107" m_b="0.707107" m_c="-0.707107" m_d="-0.707107" m_tx="0.003408" m_ty="-0.036591"/>
  </frame>
  <frame idx="750" w="214" h="160" x="-89.070305" y="-39.744328">
   <element name="bits" layername="rope" frame="0" z_index="5" m_a="-0.707107" m_b="0.707107" m_c="-0.707107" m_d="-0.707107" m_tx="0.003408" m_ty="-0.036591"/>
  </frame>
  <frame idx="775" w="214" h="160" x="-89.070305" y="-39.744328">
   <element name="bits" layername="rope" frame="0" z_index="5" m_a="-0.707107" m_b="0.707107" m_c="-0.707107" m_d="-0.707107" m_tx="0.003408" m_ty="-0.036591"/>
  </frame>
  <frame idx="800" w="214" h="160" x="-89.070305" y="-39.744328">
   <element name="bits" layername="rope" frame="0" z_index="5" m_a="-0.707107" m_b="0.707107" m_c="-0.707107" m_d="-0.707107" m_tx="0.003408" m_ty="-0.036591"/>
  </frame>
  <frame idx="825" w="214" h="160" x="-89.070305" y="-39.744328">
   <element name="bits" layername="rope" frame="0" z_index="5" m_a="-0.707107" m_b="0.707107" m_c="-0.707107" m_d="-0.707107" m_tx="0.003408" m_ty="-0.036591"/>
  </frame>
  <frame idx="850" w="214" h="160" x="-89.070305" y="-39.744328">
   <element name="bits" layername="rope" frame="0" z_index="5" m_a="-0.707107" m_b="0.707107" m_c="-0.707107" m_d="-0.707107" m_tx="0.003408" m_ty="-0.036591"/>
  </frame>
  <frame idx="875" w="214" h="160" x="-89.070305" y="-39.744328">
   <element name="bits" layername="rope" frame="0" z_index="5" m_a="-0.707107" m_b="0.707107" m_c="-0.707107" m_d="-0.707107" m_tx="0.003408" m_ty="-0.036591"/>
  </frame>
  <frame idx="900" w="214" h="160" x="-89.070305" y="-39.744328">
   <element name="bits" layername="rope" frame="0" z_index="5" m_a="-0.707107" m_b="0.707107" m_c="-0.707107" m_d="-0.707107" m_tx="0.003408" m_ty="-0.036591"/>
  </frame>
  <frame idx="925" w="214" h="160" x="-89.070305" y="-39.744328">
   <element name="bits" layername="rope" frame="0" z_index="5" m_a="-0.707107" m_b="0.707107" m_c="-0.707107" m_d="-0.707107" m_tx="0.003408" m_ty="-0.036591"/>
  </frame>
  <frame idx="950" w="214" h="160" x="-89.070305" y="-39.744328">
   <element name="bits" layername="rope" frame="0" z_index="5" m_a="-0.707107" m_b="0.707107" m_c="-0.707107" m_d="-0.707107" m_tx="0.003408" m_ty="-0.036591"/>
  </frame>
  <frame idx="975" w="214" h="160" x="-89.070305" y="-39.744328">
   <element name="bits" layername="rope" frame="0" z_index="5" m_a="-0.707107" m_b="0.707107" m_c="-0.707107" m_d="-0.707107" m_tx="0.003408" m_ty="-0.036591"/>
  </frame>
 </anim>
 <anim name="idle_down" root="harpoon_rope" numframes="1000" framerate="40">
  <frame idx="0" w="163" h="167" x="-73.744400" y="-76.744324">
   <element name="bits" layername="rope" frame="0" z_index="5" m_a="-1.000000" m_b="0.000000" m_c="-0.000000" m_d="-1.000000" m_tx="0.003408" m_ty="-0.036591"/>
  </frame>
  <frame idx="25" w="163" h="167" x="-73.744400" y="-76.744324">
   <element name="bits" layername="rope" frame="0" z_index="5" m_a="-1.000000" m_b="0.000000" m_c="-0.000000" m_d="-1.000000" m_tx="0.003408" m_ty="-0.036591"/>
  </frame>
  <frame idx="50" w="163" h="167" x="-73.744400" y="-76.744324">
   <element name="bits" layername="rope" frame="0" z_index="5" m_a="-1.000000" m_b="0.000000" m_c="-0.000000" m_d="-1.000000" m_tx="0.003408" m_ty="-0.036591"/>
  </frame>
  <frame idx="75" w="163" h="167" x="-73.744400" y="-76.744324">
   <element name="bits" layername="rope" frame="0" z_index="5" m_a="-1.000000" m_b="0.000000" m_c="-0.000000" m_d="-1.000000" m_tx="0.003408" m_ty="-0.036591"/>
  </frame>
  <frame idx="100" w="163" h="167" x="-73.744400" y="-76.744324">
   <element name="bits" layername="rope" frame="0" z_index="5" m_a="-1.000000" m_b="0.000000" m_c="-0.000000" m_d="-1.000000" m_tx="0.003408" m_ty="-0.036591"/>
  </frame>
  <frame idx="125" w="163" h="167" x="-73.744400" y="-76.744324">
   <element name="bits" layername="rope" frame="0" z_index="5" m_a="-1.000000" m_b="0.000000" m_c="-0.000000" m_d="-1.000000" m_tx="0.003408" m_ty="-0.036591"/>
  </frame>
  <frame idx="150" w="163" h="167" x="-73.744400" y="-76.744324">
   <element name="bits" layername="rope" frame="0" z_index="5" m_a="-1.000000" m_b="0.000000" m_c="-0.000000" m_d="-1.000000" m_tx="0.003408" m_ty="-0.036591"/>
  </frame>
  <frame idx="175" w="163" h="167" x="-73.744400" y="-76.744324">
   <element name="bits" layername="rope" frame="0" z_index="5" m_a="-1.000000" m_b="0.000000" m_c="-0.000000" m_d="-1.000000" m_tx="0.003408" m_ty="-0.036591"/>
  </frame>
  <frame idx="200" w="163" h="167" x="-73.744400" y="-76.744324">
   <element name="bits" layername="rope" frame="0" z_index="5" m_a="-1.000000" m_b="0.000000" m_c="-0.000000" m_d="-1.000000" m_tx="0.003408" m_ty="-0.036591"/>
  </frame>
  <frame idx="225" w="163" h="167" x="-73.744400" y="-76.744324">
   <element name="bits" layername="rope" frame="0" z_index="5" m_a="-1.000000" m_b="0.000000" m_c="-0.000000" m_d="-1.000000" m_tx="0.003408" m_ty="-0.036591"/>
  </frame>
  <frame idx="250" w="163" h="167" x="-73.744400" y="-76.744324">
   <element name="bits" layername="rope" frame="0" z_index="5" m_a="-1.000000" m_b="0.000000" m_c="-0.000000" m_d="-1.000000" m_tx="0.003408" m_ty="-0.036591"/>
  </frame>
  <frame idx="275" w="163" h="167" x="-73.744400" y="-76.744324">
   <element name="bits" layername="rope" frame="0" z_index="5" m_a="-1.000000" m_b="0.000000" m_c="-0.000000" m_d="-1.000000" m_tx="0.003408" m_ty="-0.036591"/>
  </frame>
  <frame idx="300" w="163" h="167" x="-73.744400" y="-76.744324">
   <element name="bits" layername="rope" frame="0" z_index="5" m_a="-1.000000" m_b="0.000000" m_c="-0.000000" m_d="-1.000000" m_tx="0.003408" m_ty="-0.036591"/>
  </frame>
  <frame idx="325" w="163" h="167" x="-73.744400" y="-76.744324">
   <element name="bits" layername="rope" frame="0" z_index="5" m_a="-1.000000" m_b="0.000000" m_c="-0.000000" m_d="-1.000000" m_tx="0.003408" m_ty="-0.036591"/>
  </frame>
  <frame idx="350" w="163" h="167" x="-73.744400" y="-76.744324">
   <element name="bits" layername="rope" frame="0" z_index="5" m_a="-1.000000" m_b="0.000000" m_c="-0.000000" m_d="-1.000000" m_tx="0.003408" m_ty="-0.036591"/>
  </frame>
  <frame idx="375" w="163" h="167" x="-73.744400" y="-76.744324">
   <element name="bits" layername="rope" frame="0" z_index="5" m_a="-1.000000" m_b="0.000000" m_c="-0.000000" m_d="-1.000000" m_tx="0.003408" m_ty="-0.036591"/>
  </frame>
  <frame idx="400" w="163" h="167" x="-73.744400" y="-76.744324">
   <element name="bits" layername="rope" frame="0" z_index="5" m_a="-1.000000" m_b="0.000000" m_c="-0.000000" m_d="-1.000000" m_tx="0.003408" m_ty="-0.036591"/>
  </frame>
  <frame idx="425" w="163" h="167" x="-73.744400" y="-76.744324">
   <element name="bits" layername="rope" frame="0" z_index="5" m_a="-1.000000" m_b="0.000000" m_c="-0.000000" m_d="-1.000000" m_tx="0.003408" m_ty="-0.036591"/>
  </frame>
  <frame idx="450" w="163" h="167" x="-73.744400" y="-76.744324">
   <element name="bits" layername="rope" frame="0" z_index="5" m_a="-1.000000" m_b="0.000000" m_c="-0.000000" m_d="-1.000000" m_tx="0.003408" m_ty="-0.036591"/>
  </frame>
  <frame idx="475" w="163" h="167" x="-73.744400" y="-76.744324">
   <element name="bits" layername="rope" frame="0" z_index="5" m_a="-1.000000" m_b="0.000000" m_c="-0.000000" m_d="-1.000000" m_tx="0.003408" m_ty="-0.036591"/>
  </frame>
  <frame idx="500" w="163" h="167" x="-73.744400" y="-76.744324">
   <element name="bits" layername="rope" frame="0" z_index="5" m_a="-1.000000" m_b="0.000000" m_c="-0.000000" m_d="-1.000000" m_tx="0.003408" m_ty="-0.036591"/>
  </frame>
  <frame idx="525" w="163" h="167" x="-73.744400" y="-76.744324">
   <element name="bits" layername="rope" frame="0" z_index="5" m_a="-1.000000" m_b="0.000000" m_c="-0.000000" m_d="-1.000000" m_tx="0.003408" m_ty="-0.036591"/>
  </frame>
  <frame idx="550" w="163" h="167" x="-73.744400" y="-76.744324">
   <element name="bits" layername="rope" frame="0" z_index="5" m_a="-1.000000" m_b="0.000000" m_c="-0.000000" m_d="-1.000000" m_tx="0.003408" m_ty="-0.036591"/>
  </frame>
  <frame idx="575" w="163" h="167" x="-73.744400" y="-76.744324">
   <element name="bits" layername="rope" frame="0" z_index="5" m_a="-1.000000" m_b="0.000000" m_c="-0.000000" m_d="-1.000000" m_tx="0.003408" m_ty="-0.036591"/>
  </frame>
  <frame idx="600" w="163" h="167" x="-73.744400" y="-76.744324">
   <element name="bits" layername="rope" frame="0" z_index="5" m_a="-1.000000" m_b="0.000000" m_c="-0.000000" m_d="-1.000000" m_tx="0.003408" m_ty="-0.036591"/>
  </frame>
  <frame idx="625" w="163" h="167" x="-73.744400" y="-76.744324">
   <element name="bits" layername="rope" frame="0" z_index="5" m_a="-1.000000" m_b="0.000000" m_c="-0.000000" m_d="-1.000000" m_tx="0.003408" m_ty="-0.036591"/>
  </frame>
  <frame idx="650" w="163" h="167" x="-73.744400" y="-76.744324">
   <element name="bits" layername="rope" frame="0" z_index="5" m_a="-1.000000" m_b="0.000000" m_c="-0.000000" m_d="-1.000000" m_tx="0.003408" m_ty="-0.036591"/>
  </frame>
  <frame idx="675" w="163" h="167" x="-73.744400" y="-76.744324">
   <element name="bits" layername="rope" frame="0" z_index="5" m_a="-1.000000" m_b="0.000000" m_c="-0.000000" m_d="-1.000000" m_tx="0.003408" m_ty="-0.036591"/>
  </frame>
  <frame idx="700" w="163" h="167" x="-73.744400" y="-76.744324">
   <element name="bits" layername="rope" frame="0" z_index="5" m_a="-1.000000" m_b="0.000000" m_c="-0.000000" m_d="-1.000000" m_tx="0.003408" m_ty="-0.036591"/>
  </frame>
  <frame idx="725" w="163" h="167" x="-73.744400" y="-76.744324">
   <element name="bits" layername="rope" frame="0" z_index="5" m_a="-1.000000" m_b="0.000000" m_c="-0.000000" m_d="-1.000000" m_tx="0.003408" m_ty="-0.036591"/>
  </frame>
  <frame idx="750" w="163" h="167" x="-73.744400" y="-76.744324">
   <element name="bits" layername="rope" frame="0" z_index="5" m_a="-1.000000" m_b="0.000000" m_c="-0.000000" m_d="-1.000000" m_tx="0.003408" m_ty="-0.036591"/>
  </frame>
  <frame idx="775" w="163" h="167" x="-73.744400" y="-76.744324">
   <element name="bits" layername="rope" frame="0" z_index="5" m_a="-1.000000" m_b="0.000000" m_c="-0.000000" m_d="-1.000000" m_tx="0.003408" m_ty="-0.036591"/>
  </frame>
  <frame idx="800" w="163" h="167" x="-73.744400" y="-76.744324">
   <element name="bits" layername="rope" frame="0" z_index="5" m_a="-1.000000" m_b="0.000000" m_c="-0.000000" m_d="-1.000000" m_tx="0.003408" m_ty="-0.036591"/>
  </frame>
  <frame idx="825" w="163" h="167" x="-73.744400" y="-76.744324">
   <element name="bits" layername="rope" frame="0" z_index="5" m_a="-1.000000" m_b="0.000000" m_c="-0.000000" m_d="-1.000000" m_tx="0.003408" m_ty="-0.036591"/>
  </frame>
  <frame idx="850" w="163" h="167" x="-73.744400" y="-76.744324">
   <element name="bits" layername="rope" frame="0" z_index="5" m_a="-1.000000" m_b="0.000000" m_c="-0.000000" m_d="-1.000000" m_tx="0.003408" m_ty="-0.036591"/>
  </frame>
  <frame idx="875" w="163" h="167" x="-73.744400" y="-76.744324">
   <element name="bits" layername="rope" frame="0" z_index="5" m_a="-1.000000" m_b="0.000000" m_c="-0.000000" m_d="-1.000000" m_tx="0.003408" m_ty="-0.036591"/>
  </frame>
  <frame idx="900" w="163" h="167" x="-73.744400" y="-76.744324">
   <element name="bits" layername="rope" frame="0" z_index="5" m_a="-1.000000" m_b="0.000000" m_c="-0.000000" m_d="-1.000000" m_tx="0.003408" m_ty="-0.036591"/>
  </frame>
  <frame idx="925" w="163" h="167" x="-73.744400" y="-76.744324">
   <element name="bits" layername="rope" frame="0" z_index="5" m_a="-1.000000" m_b="0.000000" m_c="-0.000000" m_d="-1.000000" m_tx="0.003408" m_ty="-0.036591"/>
  </frame>
  <frame idx="950" w="163" h="167" x="-73.744400" y="-76.744324">
   <element name="bits" layername="rope" frame="0" z_index="5" m_a="-1.000000" m_b="0.000000" m_c="-0.000000" m_d="-1.000000" m_tx="0.003408" m_ty="-0.036591"/>
  </frame>
  <frame idx="975" w="163" h="167" x="-73.744400" y="-76.744324">
   <element name="bits" layername="rope" frame="0" z_index="5" m_a="-1.000000" m_b="0.000000" m_c="-0.000000" m_d="-1.000000" m_tx="0.003408" m_ty="-0.036591"/>
  </frame>
 </anim>
</Anims>
