<Anims>
 <anim name="chainidle_up" root="harpoon_rope" numframes="1000" framerate="40">
  <frame idx="0" w="83" h="84" x="-0.840122" y="-1.813370">
   <element name="bits" layername="rope" frame="1" z_index="10" m_a="1.000000" m_b="0.000000" m_c="0.000000" m_d="1.000000" m_tx="0.000000" m_ty="0.000000"/>
  </frame>
  <frame idx="25" w="83" h="84" x="-0.840122" y="-1.813370">
   <element name="bits" layername="rope" frame="1" z_index="10" m_a="1.000000" m_b="0.000000" m_c="0.000000" m_d="1.000000" m_tx="0.000000" m_ty="0.000000"/>
  </frame>
  <frame idx="50" w="83" h="84" x="-0.840122" y="-1.813370">
   <element name="bits" layername="rope" frame="1" z_index="10" m_a="1.000000" m_b="0.000000" m_c="0.000000" m_d="1.000000" m_tx="0.000000" m_ty="0.000000"/>
  </frame>
  <frame idx="75" w="83" h="84" x="-0.840122" y="-1.813370">
   <element name="bits" layername="rope" frame="1" z_index="10" m_a="1.000000" m_b="0.000000" m_c="0.000000" m_d="1.000000" m_tx="0.000000" m_ty="0.000000"/>
  </frame>
  <frame idx="100" w="83" h="84" x="-0.840122" y="-1.813370">
   <element name="bits" layername="rope" frame="1" z_index="10" m_a="1.000000" m_b="0.000000" m_c="0.000000" m_d="1.000000" m_tx="0.000000" m_ty="0.000000"/>
  </frame>
  <frame idx="125" w="83" h="84" x="-0.840122" y="-1.813370">
   <element name="bits" layername="rope" frame="1" z_index="10" m_a="1.000000" m_b="0.000000" m_c="0.000000" m_d="1.000000" m_tx="0.000000" m_ty="0.000000"/>
  </frame>
  <frame idx="150" w="83" h="84" x="-0.840122" y="-1.813370">
   <element name="bits" layername="rope" frame="1" z_index="10" m_a="1.000000" m_b="0.000000" m_c="0.000000" m_d="1.000000" m_tx="0.000000" m_ty="0.000000"/>
  </frame>
  <frame idx="175" w="83" h="84" x="-0.840122" y="-1.813370">
   <element name="bits" layername="rope" frame="1" z_index="10" m_a="1.000000" m_b="0.000000" m_c="0.000000" m_d="1.000000" m_tx="0.000000" m_ty="0.000000"/>
  </frame>
  <frame idx="200" w="83" h="84" x="-0.840122" y="-1.813370">
   <element name="bits" layername="rope" frame="1" z_index="10" m_a="1.000000" m_b="0.000000" m_c="0.000000" m_d="1.000000" m_tx="0.000000" m_ty="0.000000"/>
  </frame>
  <frame idx="225" w="83" h="84" x="-0.840122" y="-1.813370">
   <element name="bits" layername="rope" frame="1" z_index="10" m_a="1.000000" m_b="0.000000" m_c="0.000000" m_d="1.000000" m_tx="0.000000" m_ty="0.000000"/>
  </frame>
  <frame idx="250" w="83" h="84" x="-0.840122" y="-1.813370">
   <element name="bits" layername="rope" frame="1" z_index="10" m_a="1.000000" m_b="0.000000" m_c="0.000000" m_d="1.000000" m_tx="0.000000" m_ty="0.000000"/>
  </frame>
  <frame idx="275" w="83" h="84" x="-0.840122" y="-1.813370">
   <element name="bits" layername="rope" frame="1" z_index="10" m_a="1.000000" m_b="0.000000" m_c="0.000000" m_d="1.000000" m_tx="0.000000" m_ty="0.000000"/>
  </frame>
  <frame idx="300" w="83" h="84" x="-0.840122" y="-1.813370">
   <element name="bits" layername="rope" frame="1" z_index="10" m_a="1.000000" m_b="0.000000" m_c="0.000000" m_d="1.000000" m_tx="0.000000" m_ty="0.000000"/>
  </frame>
  <frame idx="325" w="83" h="84" x="-0.840122" y="-1.813370">
   <element name="bits" layername="rope" frame="1" z_index="10" m_a="1.000000" m_b="0.000000" m_c="0.000000" m_d="1.000000" m_tx="0.000000" m_ty="0.000000"/>
  </frame>
  <frame idx="350" w="83" h="84" x="-0.840122" y="-1.813370">
   <element name="bits" layername="rope" frame="1" z_index="10" m_a="1.000000" m_b="0.000000" m_c="0.000000" m_d="1.000000" m_tx="0.000000" m_ty="0.000000"/>
  </frame>
  <frame idx="375" w="83" h="84" x="-0.840122" y="-1.813370">
   <element name="bits" layername="rope" frame="1" z_index="10" m_a="1.000000" m_b="0.000000" m_c="0.000000" m_d="1.000000" m_tx="0.000000" m_ty="0.000000"/>
  </frame>
  <frame idx="400" w="83" h="84" x="-0.840122" y="-1.813370">
   <element name="bits" layername="rope" frame="1" z_index="10" m_a="1.000000" m_b="0.000000" m_c="0.000000" m_d="1.000000" m_tx="0.000000" m_ty="0.000000"/>
  </frame>
  <frame idx="425" w="83" h="84" x="-0.840122" y="-1.813370">
   <element name="bits" layername="rope" frame="1" z_index="10" m_a="1.000000" m_b="0.000000" m_c="0.000000" m_d="1.000000" m_tx="0.000000" m_ty="0.000000"/>
  </frame>
  <frame idx="450" w="83" h="84" x="-0.840122" y="-1.813370">
   <element name="bits" layername="rope" frame="1" z_index="10" m_a="1.000000" m_b="0.000000" m_c="0.000000" m_d="1.000000" m_tx="0.000000" m_ty="0.000000"/>
  </frame>
  <frame idx="475" w="83" h="84" x="-0.840122" y="-1.813370">
   <element name="bits" layername="rope" frame="1" z_index="10" m_a="1.000000" m_b="0.000000" m_c="0.000000" m_d="1.000000" m_tx="0.000000" m_ty="0.000000"/>
  </frame>
  <frame idx="500" w="83" h="84" x="-0.840122" y="-1.813370">
   <element name="bits" layername="rope" frame="1" z_index="10" m_a="1.000000" m_b="0.000000" m_c="0.000000" m_d="1.000000" m_tx="0.000000" m_ty="0.000000"/>
  </frame>
  <frame idx="525" w="83" h="84" x="-0.840122" y="-1.813370">
   <element name="bits" layername="rope" frame="1" z_index="10" m_a="1.000000" m_b="0.000000" m_c="0.000000" m_d="1.000000" m_tx="0.000000" m_ty="0.000000"/>
  </frame>
  <frame idx="550" w="83" h="84" x="-0.840122" y="-1.813370">
   <element name="bits" layername="rope" frame="1" z_index="10" m_a="1.000000" m_b="0.000000" m_c="0.000000" m_d="1.000000" m_tx="0.000000" m_ty="0.000000"/>
  </frame>
  <frame idx="575" w="83" h="84" x="-0.840122" y="-1.813370">
   <element name="bits" layername="rope" frame="1" z_index="10" m_a="1.000000" m_b="0.000000" m_c="0.000000" m_d="1.000000" m_tx="0.000000" m_ty="0.000000"/>
  </frame>
  <frame idx="600" w="83" h="84" x="-0.840122" y="-1.813370">
   <element name="bits" layername="rope" frame="1" z_index="10" m_a="1.000000" m_b="0.000000" m_c="0.000000" m_d="1.000000" m_tx="0.000000" m_ty="0.000000"/>
  </frame>
  <frame idx="625" w="83" h="84" x="-0.840122" y="-1.813370">
   <element name="bits" layername="rope" frame="1" z_index="10" m_a="1.000000" m_b="0.000000" m_c="0.000000" m_d="1.000000" m_tx="0.000000" m_ty="0.000000"/>
  </frame>
  <frame idx="650" w="83" h="84" x="-0.840122" y="-1.813370">
   <element name="bits" layername="rope" frame="1" z_index="10" m_a="1.000000" m_b="0.000000" m_c="0.000000" m_d="1.000000" m_tx="0.000000" m_ty="0.000000"/>
  </frame>
  <frame idx="675" w="83" h="84" x="-0.840122" y="-1.813370">
   <element name="bits" layername="rope" frame="1" z_index="10" m_a="1.000000" m_b="0.000000" m_c="0.000000" m_d="1.000000" m_tx="0.000000" m_ty="0.000000"/>
  </frame>
  <frame idx="700" w="83" h="84" x="-0.840122" y="-1.813370">
   <element name="bits" layername="rope" frame="1" z_index="10" m_a="1.000000" m_b="0.000000" m_c="0.000000" m_d="1.000000" m_tx="0.000000" m_ty="0.000000"/>
  </frame>
  <frame idx="725" w="83" h="84" x="-0.840122" y="-1.813370">
   <element name="bits" layername="rope" frame="1" z_index="10" m_a="1.000000" m_b="0.000000" m_c="0.000000" m_d="1.000000" m_tx="0.000000" m_ty="0.000000"/>
  </frame>
  <frame idx="750" w="83" h="84" x="-0.840122" y="-1.813370">
   <element name="bits" layername="rope" frame="1" z_index="10" m_a="1.000000" m_b="0.000000" m_c="0.000000" m_d="1.000000" m_tx="0.000000" m_ty="0.000000"/>
  </frame>
  <frame idx="775" w="83" h="84" x="-0.840122" y="-1.813370">
   <element name="bits" layername="rope" frame="1" z_index="10" m_a="1.000000" m_b="0.000000" m_c="0.000000" m_d="1.000000" m_tx="0.000000" m_ty="0.000000"/>
  </frame>
  <frame idx="800" w="83" h="84" x="-0.840122" y="-1.813370">
   <element name="bits" layername="rope" frame="1" z_index="10" m_a="1.000000" m_b="0.000000" m_c="0.000000" m_d="1.000000" m_tx="0.000000" m_ty="0.000000"/>
  </frame>
  <frame idx="825" w="83" h="84" x="-0.840122" y="-1.813370">
   <element name="bits" layername="rope" frame="1" z_index="10" m_a="1.000000" m_b="0.000000" m_c="0.000000" m_d="1.000000" m_tx="0.000000" m_ty="0.000000"/>
  </frame>
  <frame idx="850" w="83" h="84" x="-0.840122" y="-1.813370">
   <element name="bits" layername="rope" frame="1" z_index="10" m_a="1.000000" m_b="0.000000" m_c="0.000000" m_d="1.000000" m_tx="0.000000" m_ty="0.000000"/>
  </frame>
  <frame idx="875" w="83" h="84" x="-0.840122" y="-1.813370">
   <element name="bits" layername="rope" frame="1" z_index="10" m_a="1.000000" m_b="0.000000" m_c="0.000000" m_d="1.000000" m_tx="0.000000" m_ty="0.000000"/>
  </frame>
  <frame idx="900" w="83" h="84" x="-0.840122" y="-1.813370">
   <element name="bits" layername="rope" frame="1" z_index="10" m_a="1.000000" m_b="0.000000" m_c="0.000000" m_d="1.000000" m_tx="0.000000" m_ty="0.000000"/>
  </frame>
  <frame idx="925" w="83" h="84" x="-0.840122" y="-1.813370">
   <element name="bits" layername="rope" frame="1" z_index="10" m_a="1.000000" m_b="0.000000" m_c="0.000000" m_d="1.000000" m_tx="0.000000" m_ty="0.000000"/>
  </frame>
  <frame idx="950" w="83" h="84" x="-0.840122" y="-1.813370">
   <element name="bits" layername="rope" frame="1" z_index="10" m_a="1.000000" m_b="0.000000" m_c="0.000000" m_d="1.000000" m_tx="0.000000" m_ty="0.000000"/>
  </frame>
  <frame idx="975" w="83" h="84" x="-0.840122" y="-1.813370">
   <element name="bits" layername="rope" frame="1" z_index="10" m_a="1.000000" m_b="0.000000" m_c="0.000000" m_d="1.000000" m_tx="0.000000" m_ty="0.000000"/>
  </frame>
 </anim>
 <anim name="chainidle_upside" root="harpoon_rope" numframes="1000" framerate="40">
  <frame idx="0" w="158" h="102" x="-37.836723" y="13.475941">
   <element name="bits" layername="rope" frame="1" z_index="10" m_a="0.707107" m_b="0.707107" m_c="-0.707107" m_d="0.707107" m_tx="0.003408" m_ty="-0.036591"/>
  </frame>
  <frame idx="25" w="158" h="102" x="-37.836723" y="13.475941">
   <element name="bits" layername="rope" frame="1" z_index="10" m_a="0.707107" m_b="0.707107" m_c="-0.707107" m_d="0.707107" m_tx="0.003408" m_ty="-0.036591"/>
  </frame>
  <frame idx="50" w="158" h="102" x="-37.836723" y="13.475941">
   <element name="bits" layername="rope" frame="1" z_index="10" m_a="0.707107" m_b="0.707107" m_c="-0.707107" m_d="0.707107" m_tx="0.003408" m_ty="-0.036591"/>
  </frame>
  <frame idx="75" w="158" h="102" x="-37.836723" y="13.475941">
   <element name="bits" layername="rope" frame="1" z_index="10" m_a="0.707107" m_b="0.707107" m_c="-0.707107" m_d="0.707107" m_tx="0.003408" m_ty="-0.036591"/>
  </frame>
  <frame idx="100" w="158" h="102" x="-37.836723" y="13.475941">
   <element name="bits" layername="rope" frame="1" z_index="10" m_a="0.707107" m_b="0.707107" m_c="-0.707107" m_d="0.707107" m_tx="0.003408" m_ty="-0.036591"/>
  </frame>
  <frame idx="125" w="158" h="102" x="-37.836723" y="13.475941">
   <element name="bits" layername="rope" frame="1" z_index="10" m_a="0.707107" m_b="0.707107" m_c="-0.707107" m_d="0.707107" m_tx="0.003408" m_ty="-0.036591"/>
  </frame>
  <frame idx="150" w="158" h="102" x="-37.836723" y="13.475941">
   <element name="bits" layername="rope" frame="1" z_index="10" m_a="0.707107" m_b="0.707107" m_c="-0.707107" m_d="0.707107" m_tx="0.003408" m_ty="-0.036591"/>
  </frame>
  <frame idx="175" w="158" h="102" x="-37.836723" y="13.475941">
   <element name="bits" layername="rope" frame="1" z_index="10" m_a="0.707107" m_b="0.707107" m_c="-0.707107" m_d="0.707107" m_tx="0.003408" m_ty="-0.036591"/>
  </frame>
  <frame idx="200" w="158" h="102" x="-37.836723" y="13.475941">
   <element name="bits" layername="rope" frame="1" z_index="10" m_a="0.707107" m_b="0.707107" m_c="-0.707107" m_d="0.707107" m_tx="0.003408" m_ty="-0.036591"/>
  </frame>
  <frame idx="225" w="158" h="102" x="-37.836723" y="13.475941">
   <element name="bits" layername="rope" frame="1" z_index="10" m_a="0.707107" m_b="0.707107" m_c="-0.707107" m_d="0.707107" m_tx="0.003408" m_ty="-0.036591"/>
  </frame>
  <frame idx="250" w="158" h="102" x="-37.836723" y="13.475941">
   <element name="bits" layername="rope" frame="1" z_index="10" m_a="0.707107" m_b="0.707107" m_c="-0.707107" m_d="0.707107" m_tx="0.003408" m_ty="-0.036591"/>
  </frame>
  <frame idx="275" w="158" h="102" x="-37.836723" y="13.475941">
   <element name="bits" layername="rope" frame="1" z_index="10" m_a="0.707107" m_b="0.707107" m_c="-0.707107" m_d="0.707107" m_tx="0.003408" m_ty="-0.036591"/>
  </frame>
  <frame idx="300" w="158" h="102" x="-37.836723" y="13.475941">
   <element name="bits" layername="rope" frame="1" z_index="10" m_a="0.707107" m_b="0.707107" m_c="-0.707107" m_d="0.707107" m_tx="0.003408" m_ty="-0.036591"/>
  </frame>
  <frame idx="325" w="158" h="102" x="-37.836723" y="13.475941">
   <element name="bits" layername="rope" frame="1" z_index="10" m_a="0.707107" m_b="0.707107" m_c="-0.707107" m_d="0.707107" m_tx="0.003408" m_ty="-0.036591"/>
  </frame>
  <frame idx="350" w="158" h="102" x="-37.836723" y="13.475941">
   <element name="bits" layername="rope" frame="1" z_index="10" m_a="0.707107" m_b="0.707107" m_c="-0.707107" m_d="0.707107" m_tx="0.003408" m_ty="-0.036591"/>
  </frame>
  <frame idx="375" w="158" h="102" x="-37.836723" y="13.475941">
   <element name="bits" layername="rope" frame="1" z_index="10" m_a="0.707107" m_b="0.707107" m_c="-0.707107" m_d="0.707107" m_tx="0.003408" m_ty="-0.036591"/>
  </frame>
  <frame idx="400" w="158" h="102" x="-37.836723" y="13.475941">
   <element name="bits" layername="rope" frame="1" z_index="10" m_a="0.707107" m_b="0.707107" m_c="-0.707107" m_d="0.707107" m_tx="0.003408" m_ty="-0.036591"/>
  </frame>
  <frame idx="425" w="158" h="102" x="-37.836723" y="13.475941">
   <element name="bits" layername="rope" frame="1" z_index="10" m_a="0.707107" m_b="0.707107" m_c="-0.707107" m_d="0.707107" m_tx="0.003408" m_ty="-0.036591"/>
  </frame>
  <frame idx="450" w="158" h="102" x="-37.836723" y="13.475941">
   <element name="bits" layername="rope" frame="1" z_index="10" m_a="0.707107" m_b="0.707107" m_c="-0.707107" m_d="0.707107" m_tx="0.003408" m_ty="-0.036591"/>
  </frame>
  <frame idx="475" w="158" h="102" x="-37.836723" y="13.475941">
   <element name="bits" layername="rope" frame="1" z_index="10" m_a="0.707107" m_b="0.707107" m_c="-0.707107" m_d="0.707107" m_tx="0.003408" m_ty="-0.036591"/>
  </frame>
  <frame idx="500" w="158" h="102" x="-37.836723" y="13.475941">
   <element name="bits" layername="rope" frame="1" z_index="10" m_a="0.707107" m_b="0.707107" m_c="-0.707107" m_d="0.707107" m_tx="0.003408" m_ty="-0.036591"/>
  </frame>
  <frame idx="525" w="158" h="102" x="-37.836723" y="13.475941">
   <element name="bits" layername="rope" frame="1" z_index="10" m_a="0.707107" m_b="0.707107" m_c="-0.707107" m_d="0.707107" m_tx="0.003408" m_ty="-0.036591"/>
  </frame>
  <frame idx="550" w="158" h="102" x="-37.836723" y="13.475941">
   <element name="bits" layername="rope" frame="1" z_index="10" m_a="0.707107" m_b="0.707107" m_c="-0.707107" m_d="0.707107" m_tx="0.003408" m_ty="-0.036591"/>
  </frame>
  <frame idx="575" w="158" h="102" x="-37.836723" y="13.475941">
   <element name="bits" layername="rope" frame="1" z_index="10" m_a="0.707107" m_b="0.707107" m_c="-0.707107" m_d="0.707107" m_tx="0.003408" m_ty="-0.036591"/>
  </frame>
  <frame idx="600" w="158" h="102" x="-37.836723" y="13.475941">
   <element name="bits" layername="rope" frame="1" z_index="10" m_a="0.707107" m_b="0.707107" m_c="-0.707107" m_d="0.707107" m_tx="0.003408" m_ty="-0.036591"/>
  </frame>
  <frame idx="625" w="158" h="102" x="-37.836723" y="13.475941">
   <element name="bits" layername="rope" frame="1" z_index="10" m_a="0.707107" m_b="0.707107" m_c="-0.707107" m_d="0.707107" m_tx="0.003408" m_ty="-0.036591"/>
  </frame>
  <frame idx="650" w="158" h="102" x="-37.836723" y="13.475941">
   <element name="bits" layername="rope" frame="1" z_index="10" m_a="0.707107" m_b="0.707107" m_c="-0.707107" m_d="0.707107" m_tx="0.003408" m_ty="-0.036591"/>
  </frame>
  <frame idx="675" w="158" h="102" x="-37.836723" y="13.475941">
   <element name="bits" layername="rope" frame="1" z_index="10" m_a="0.707107" m_b="0.707107" m_c="-0.707107" m_d="0.707107" m_tx="0.003408" m_ty="-0.036591"/>
  </frame>
  <frame idx="700" w="158" h="102" x="-37.836723" y="13.475941">
   <element name="bits" layername="rope" frame="1" z_index="10" m_a="0.707107" m_b="0.707107" m_c="-0.707107" m_d="0.707107" m_tx="0.003408" m_ty="-0.036591"/>
  </frame>
  <frame idx="725" w="158" h="102" x="-37.836723" y="13.475941">
   <element name="bits" layername="rope" frame="1" z_index="10" m_a="0.707107" m_b="0.707107" m_c="-0.707107" m_d="0.707107" m_tx="0.003408" m_ty="-0.036591"/>
  </frame>
  <frame idx="750" w="158" h="102" x="-37.836723" y="13.475941">
   <element name="bits" layername="rope" frame="1" z_index="10" m_a="0.707107" m_b="0.707107" m_c="-0.707107" m_d="0.707107" m_tx="0.003408" m_ty="-0.036591"/>
  </frame>
  <frame idx="775" w="158" h="102" x="-37.836723" y="13.475941">
   <element name="bits" layername="rope" frame="1" z_index="10" m_a="0.707107" m_b="0.707107" m_c="-0.707107" m_d="0.707107" m_tx="0.003408" m_ty="-0.036591"/>
  </frame>
  <frame idx="800" w="158" h="102" x="-37.836723" y="13.475941">
   <element name="bits" layername="rope" frame="1" z_index="10" m_a="0.707107" m_b="0.707107" m_c="-0.707107" m_d="0.707107" m_tx="0.003408" m_ty="-0.036591"/>
  </frame>
  <frame idx="825" w="158" h="102" x="-37.836723" y="13.475941">
   <element name="bits" layername="rope" frame="1" z_index="10" m_a="0.707107" m_b="0.707107" m_c="-0.707107" m_d="0.707107" m_tx="0.003408" m_ty="-0.036591"/>
  </frame>
  <frame idx="850" w="158" h="102" x="-37.836723" y="13.475941">
   <element name="bits" layername="rope" frame="1" z_index="10" m_a="0.707107" m_b="0.707107" m_c="-0.707107" m_d="0.707107" m_tx="0.003408" m_ty="-0.036591"/>
  </frame>
  <frame idx="875" w="158" h="102" x="-37.836723" y="13.475941">
   <element name="bits" layername="rope" frame="1" z_index="10" m_a="0.707107" m_b="0.707107" m_c="-0.707107" m_d="0.707107" m_tx="0.003408" m_ty="-0.036591"/>
  </frame>
  <frame idx="900" w="158" h="102" x="-37.836723" y="13.475941">
   <element name="bits" layername="rope" frame="1" z_index="10" m_a="0.707107" m_b="0.707107" m_c="-0.707107" m_d="0.707107" m_tx="0.003408" m_ty="-0.036591"/>
  </frame>
  <frame idx="925" w="158" h="102" x="-37.836723" y="13.475941">
   <element name="bits" layername="rope" frame="1" z_index="10" m_a="0.707107" m_b="0.707107" m_c="-0.707107" m_d="0.707107" m_tx="0.003408" m_ty="-0.036591"/>
  </frame>
  <frame idx="950" w="158" h="102" x="-37.836723" y="13.475941">
   <element name="bits" layername="rope" frame="1" z_index="10" m_a="0.707107" m_b="0.707107" m_c="-0.707107" m_d="0.707107" m_tx="0.003408" m_ty="-0.036591"/>
  </frame>
  <frame idx="975" w="158" h="102" x="-37.836723" y="13.475941">
   <element name="bits" layername="rope" frame="1" z_index="10" m_a="0.707107" m_b="0.707107" m_c="-0.707107" m_d="0.707107" m_tx="0.003408" m_ty="-0.036591"/>
  </frame>
 </anim>
 <anim name="chainidle_side" root="harpoon_rope" numframes="1000" framerate="40">
  <frame idx="0" w="164" h="84" x="-74.836716" y="-1.849960">
   <element name="bits" layername="rope" frame="1" z_index="10" m_a="0.000000" m_b="1.000000" m_c="-1.000000" m_d="0.000000" m_tx="0.003408" m_ty="-0.036591"/>
  </frame>
  <frame idx="25" w="164" h="84" x="-74.836716" y="-1.849960">
   <element name="bits" layername="rope" frame="1" z_index="10" m_a="0.000000" m_b="1.000000" m_c="-1.000000" m_d="0.000000" m_tx="0.003408" m_ty="-0.036591"/>
  </frame>
  <frame idx="50" w="164" h="84" x="-74.836716" y="-1.849960">
   <element name="bits" layername="rope" frame="1" z_index="10" m_a="0.000000" m_b="1.000000" m_c="-1.000000" m_d="0.000000" m_tx="0.003408" m_ty="-0.036591"/>
  </frame>
  <frame idx="75" w="164" h="84" x="-74.836716" y="-1.849960">
   <element name="bits" layername="rope" frame="1" z_index="10" m_a="0.000000" m_b="1.000000" m_c="-1.000000" m_d="0.000000" m_tx="0.003408" m_ty="-0.036591"/>
  </frame>
  <frame idx="100" w="164" h="84" x="-74.836716" y="-1.849960">
   <element name="bits" layername="rope" frame="1" z_index="10" m_a="0.000000" m_b="1.000000" m_c="-1.000000" m_d="0.000000" m_tx="0.003408" m_ty="-0.036591"/>
  </frame>
  <frame idx="125" w="164" h="84" x="-74.836716" y="-1.849960">
   <element name="bits" layername="rope" frame="1" z_index="10" m_a="0.000000" m_b="1.000000" m_c="-1.000000" m_d="0.000000" m_tx="0.003408" m_ty="-0.036591"/>
  </frame>
  <frame idx="150" w="164" h="84" x="-74.836716" y="-1.849960">
   <element name="bits" layername="rope" frame="1" z_index="10" m_a="0.000000" m_b="1.000000" m_c="-1.000000" m_d="0.000000" m_tx="0.003408" m_ty="-0.036591"/>
  </frame>
  <frame idx="175" w="164" h="84" x="-74.836716" y="-1.849960">
   <element name="bits" layername="rope" frame="1" z_index="10" m_a="0.000000" m_b="1.000000" m_c="-1.000000" m_d="0.000000" m_tx="0.003408" m_ty="-0.036591"/>
  </frame>
  <frame idx="200" w="164" h="84" x="-74.836716" y="-1.849960">
   <element name="bits" layername="rope" frame="1" z_index="10" m_a="0.000000" m_b="1.000000" m_c="-1.000000" m_d="0.000000" m_tx="0.003408" m_ty="-0.036591"/>
  </frame>
  <frame idx="225" w="164" h="84" x="-74.836716" y="-1.849960">
   <element name="bits" layername="rope" frame="1" z_index="10" m_a="0.000000" m_b="1.000000" m_c="-1.000000" m_d="0.000000" m_tx="0.003408" m_ty="-0.036591"/>
  </frame>
  <frame idx="250" w="164" h="84" x="-74.836716" y="-1.849960">
   <element name="bits" layername="rope" frame="1" z_index="10" m_a="0.000000" m_b="1.000000" m_c="-1.000000" m_d="0.000000" m_tx="0.003408" m_ty="-0.036591"/>
  </frame>
  <frame idx="275" w="164" h="84" x="-74.836716" y="-1.849960">
   <element name="bits" layername="rope" frame="1" z_index="10" m_a="0.000000" m_b="1.000000" m_c="-1.000000" m_d="0.000000" m_tx="0.003408" m_ty="-0.036591"/>
  </frame>
  <frame idx="300" w="164" h="84" x="-74.836716" y="-1.849960">
   <element name="bits" layername="rope" frame="1" z_index="10" m_a="0.000000" m_b="1.000000" m_c="-1.000000" m_d="0.000000" m_tx="0.003408" m_ty="-0.036591"/>
  </frame>
  <frame idx="325" w="164" h="84" x="-74.836716" y="-1.849960">
   <element name="bits" layername="rope" frame="1" z_index="10" m_a="0.000000" m_b="1.000000" m_c="-1.000000" m_d="0.000000" m_tx="0.003408" m_ty="-0.036591"/>
  </frame>
  <frame idx="350" w="164" h="84" x="-74.836716" y="-1.849960">
   <element name="bits" layername="rope" frame="1" z_index="10" m_a="0.000000" m_b="1.000000" m_c="-1.000000" m_d="0.000000" m_tx="0.003408" m_ty="-0.036591"/>
  </frame>
  <frame idx="375" w="164" h="84" x="-74.836716" y="-1.849960">
   <element name="bits" layername="rope" frame="1" z_index="10" m_a="0.000000" m_b="1.000000" m_c="-1.000000" m_d="0.000000" m_tx="0.003408" m_ty="-0.036591"/>
  </frame>
  <frame idx="400" w="164" h="84" x="-74.836716" y="-1.849960">
   <element name="bits" layername="rope" frame="1" z_index="10" m_a="0.000000" m_b="1.000000" m_c="-1.000000" m_d="0.000000" m_tx="0.003408" m_ty="-0.036591"/>
  </frame>
  <frame idx="425" w="164" h="84" x="-74.836716" y="-1.849960">
   <element name="bits" layername="rope" frame="1" z_index="10" m_a="0.000000" m_b="1.000000" m_c="-1.000000" m_d="0.000000" m_tx="0.003408" m_ty="-0.036591"/>
  </frame>
  <frame idx="450" w="164" h="84" x="-74.836716" y="-1.849960">
   <element name="bits" layername="rope" frame="1" z_index="10" m_a="0.000000" m_b="1.000000" m_c="-1.000000" m_d="0.000000" m_tx="0.003408" m_ty="-0.036591"/>
  </frame>
  <frame idx="475" w="164" h="84" x="-74.836716" y="-1.849960">
   <element name="bits" layername="rope" frame="1" z_index="10" m_a="0.000000" m_b="1.000000" m_c="-1.000000" m_d="0.000000" m_tx="0.003408" m_ty="-0.036591"/>
  </frame>
  <frame idx="500" w="164" h="84" x="-74.836716" y="-1.849960">
   <element name="bits" layername="rope" frame="1" z_index="10" m_a="0.000000" m_b="1.000000" m_c="-1.000000" m_d="0.000000" m_tx="0.003408" m_ty="-0.036591"/>
  </frame>
  <frame idx="525" w="164" h="84" x="-74.836716" y="-1.849960">
   <element name="bits" layername="rope" frame="1" z_index="10" m_a="0.000000" m_b="1.000000" m_c="-1.000000" m_d="0.000000" m_tx="0.003408" m_ty="-0.036591"/>
  </frame>
  <frame idx="550" w="164" h="84" x="-74.836716" y="-1.849960">
   <element name="bits" layername="rope" frame="1" z_index="10" m_a="0.000000" m_b="1.000000" m_c="-1.000000" m_d="0.000000" m_tx="0.003408" m_ty="-0.036591"/>
  </frame>
  <frame idx="575" w="164" h="84" x="-74.836716" y="-1.849960">
   <element name="bits" layername="rope" frame="1" z_index="10" m_a="0.000000" m_b="1.000000" m_c="-1.000000" m_d="0.000000" m_tx="0.003408" m_ty="-0.036591"/>
  </frame>
  <frame idx="600" w="164" h="84" x="-74.836716" y="-1.849960">
   <element name="bits" layername="rope" frame="1" z_index="10" m_a="0.000000" m_b="1.000000" m_c="-1.000000" m_d="0.000000" m_tx="0.003408" m_ty="-0.036591"/>
  </frame>
  <frame idx="625" w="164" h="84" x="-74.836716" y="-1.849960">
   <element name="bits" layername="rope" frame="1" z_index="10" m_a="0.000000" m_b="1.000000" m_c="-1.000000" m_d="0.000000" m_tx="0.003408" m_ty="-0.036591"/>
  </frame>
  <frame idx="650" w="164" h="84" x="-74.836716" y="-1.849960">
   <element name="bits" layername="rope" frame="1" z_index="10" m_a="0.000000" m_b="1.000000" m_c="-1.000000" m_d="0.000000" m_tx="0.003408" m_ty="-0.036591"/>
  </frame>
  <frame idx="675" w="164" h="84" x="-74.836716" y="-1.849960">
   <element name="bits" layername="rope" frame="1" z_index="10" m_a="0.000000" m_b="1.000000" m_c="-1.000000" m_d="0.000000" m_tx="0.003408" m_ty="-0.036591"/>
  </frame>
  <frame idx="700" w="164" h="84" x="-74.836716" y="-1.849960">
   <element name="bits" layername="rope" frame="1" z_index="10" m_a="0.000000" m_b="1.000000" m_c="-1.000000" m_d="0.000000" m_tx="0.003408" m_ty="-0.036591"/>
  </frame>
  <frame idx="725" w="164" h="84" x="-74.836716" y="-1.849960">
   <element name="bits" layername="rope" frame="1" z_index="10" m_a="0.000000" m_b="1.000000" m_c="-1.000000" m_d="0.000000" m_tx="0.003408" m_ty="-0.036591"/>
  </frame>
  <frame idx="750" w="164" h="84" x="-74.836716" y="-1.849960">
   <element name="bits" layername="rope" frame="1" z_index="10" m_a="0.000000" m_b="1.000000" m_c="-1.000000" m_d="0.000000" m_tx="0.003408" m_ty="-0.036591"/>
  </frame>
  <frame idx="775" w="164" h="84" x="-74.836716" y="-1.849960">
   <element name="bits" layername="rope" frame="1" z_index="10" m_a="0.000000" m_b="1.000000" m_c="-1.000000" m_d="0.000000" m_tx="0.003408" m_ty="-0.036591"/>
  </frame>
  <frame idx="800" w="164" h="84" x="-74.836716" y="-1.849960">
   <element name="bits" layername="rope" frame="1" z_index="10" m_a="0.000000" m_b="1.000000" m_c="-1.000000" m_d="0.000000" m_tx="0.003408" m_ty="-0.036591"/>
  </frame>
  <frame idx="825" w="164" h="84" x="-74.836716" y="-1.849960">
   <element name="bits" layername="rope" frame="1" z_index="10" m_a="0.000000" m_b="1.000000" m_c="-1.000000" m_d="0.000000" m_tx="0.003408" m_ty="-0.036591"/>
  </frame>
  <frame idx="850" w="164" h="84" x="-74.836716" y="-1.849960">
   <element name="bits" layername="rope" frame="1" z_index="10" m_a="0.000000" m_b="1.000000" m_c="-1.000000" m_d="0.000000" m_tx="0.003408" m_ty="-0.036591"/>
  </frame>
  <frame idx="875" w="164" h="84" x="-74.836716" y="-1.849960">
   <element name="bits" layername="rope" frame="1" z_index="10" m_a="0.000000" m_b="1.000000" m_c="-1.000000" m_d="0.000000" m_tx="0.003408" m_ty="-0.036591"/>
  </frame>
  <frame idx="900" w="164" h="84" x="-74.836716" y="-1.849960">
   <element name="bits" layername="rope" frame="1" z_index="10" m_a="0.000000" m_b="1.000000" m_c="-1.000000" m_d="0.000000" m_tx="0.003408" m_ty="-0.036591"/>
  </frame>
  <frame idx="925" w="164" h="84" x="-74.836716" y="-1.849960">
   <element name="bits" layername="rope" frame="1" z_index="10" m_a="0.000000" m_b="1.000000" m_c="-1.000000" m_d="0.000000" m_tx="0.003408" m_ty="-0.036591"/>
  </frame>
  <frame idx="950" w="164" h="84" x="-74.836716" y="-1.849960">
   <element name="bits" layername="rope" frame="1" z_index="10" m_a="0.000000" m_b="1.000000" m_c="-1.000000" m_d="0.000000" m_tx="0.003408" m_ty="-0.036591"/>
  </frame>
  <frame idx="975" w="164" h="84" x="-74.836716" y="-1.849960">
   <element name="bits" layername="rope" frame="1" z_index="10" m_a="0.000000" m_b="1.000000" m_c="-1.000000" m_d="0.000000" m_tx="0.003408" m_ty="-0.036591"/>
  </frame>
 </anim>
 <anim name="chainidle_downside" root="harpoon_rope" numframes="1000" framerate="40">
  <frame idx="0" w="215" h="159" x="-90.162621" y="-38.849964">
   <element name="bits" layername="rope" frame="1" z_index="10" m_a="-0.707107" m_b="0.707107" m_c="-0.707107" m_d="-0.707107" m_tx="0.003408" m_ty="-0.036591"/>
  </frame>
  <frame idx="25" w="215" h="159" x="-90.162621" y="-38.849964">
   <element name="bits" layername="rope" frame="1" z_index="10" m_a="-0.707107" m_b="0.707107" m_c="-0.707107" m_d="-0.707107" m_tx="0.003408" m_ty="-0.036591"/>
  </frame>
  <frame idx="50" w="215" h="159" x="-90.162621" y="-38.849964">
   <element name="bits" layername="rope" frame="1" z_index="10" m_a="-0.707107" m_b="0.707107" m_c="-0.707107" m_d="-0.707107" m_tx="0.003408" m_ty="-0.036591"/>
  </frame>
  <frame idx="75" w="215" h="159" x="-90.162621" y="-38.849964">
   <element name="bits" layername="rope" frame="1" z_index="10" m_a="-0.707107" m_b="0.707107" m_c="-0.707107" m_d="-0.707107" m_tx="0.003408" m_ty="-0.036591"/>
  </frame>
  <frame idx="100" w="215" h="159" x="-90.162621" y="-38.849964">
   <element name="bits" layername="rope" frame="1" z_index="10" m_a="-0.707107" m_b="0.707107" m_c="-0.707107" m_d="-0.707107" m_tx="0.003408" m_ty="-0.036591"/>
  </frame>
  <frame idx="125" w="215" h="159" x="-90.162621" y="-38.849964">
   <element name="bits" layername="rope" frame="1" z_index="10" m_a="-0.707107" m_b="0.707107" m_c="-0.707107" m_d="-0.707107" m_tx="0.003408" m_ty="-0.036591"/>
  </frame>
  <frame idx="150" w="215" h="159" x="-90.162621" y="-38.849964">
   <element name="bits" layername="rope" frame="1" z_index="10" m_a="-0.707107" m_b="0.707107" m_c="-0.707107" m_d="-0.707107" m_tx="0.003408" m_ty="-0.036591"/>
  </frame>
  <frame idx="175" w="215" h="159" x="-90.162621" y="-38.849964">
   <element name="bits" layername="rope" frame="1" z_index="10" m_a="-0.707107" m_b="0.707107" m_c="-0.707107" m_d="-0.707107" m_tx="0.003408" m_ty="-0.036591"/>
  </frame>
  <frame idx="200" w="215" h="159" x="-90.162621" y="-38.849964">
   <element name="bits" layername="rope" frame="1" z_index="10" m_a="-0.707107" m_b="0.707107" m_c="-0.707107" m_d="-0.707107" m_tx="0.003408" m_ty="-0.036591"/>
  </frame>
  <frame idx="225" w="215" h="159" x="-90.162621" y="-38.849964">
   <element name="bits" layername="rope" frame="1" z_index="10" m_a="-0.707107" m_b="0.707107" m_c="-0.707107" m_d="-0.707107" m_tx="0.003408" m_ty="-0.036591"/>
  </frame>
  <frame idx="250" w="215" h="159" x="-90.162621" y="-38.849964">
   <element name="bits" layername="rope" frame="1" z_index="10" m_a="-0.707107" m_b="0.707107" m_c="-0.707107" m_d="-0.707107" m_tx="0.003408" m_ty="-0.036591"/>
  </frame>
  <frame idx="275" w="215" h="159" x="-90.162621" y="-38.849964">
   <element name="bits" layername="rope" frame="1" z_index="10" m_a="-0.707107" m_b="0.707107" m_c="-0.707107" m_d="-0.707107" m_tx="0.003408" m_ty="-0.036591"/>
  </frame>
  <frame idx="300" w="215" h="159" x="-90.162621" y="-38.849964">
   <element name="bits" layername="rope" frame="1" z_index="10" m_a="-0.707107" m_b="0.707107" m_c="-0.707107" m_d="-0.707107" m_tx="0.003408" m_ty="-0.036591"/>
  </frame>
  <frame idx="325" w="215" h="159" x="-90.162621" y="-38.849964">
   <element name="bits" layername="rope" frame="1" z_index="10" m_a="-0.707107" m_b="0.707107" m_c="-0.707107" m_d="-0.707107" m_tx="0.003408" m_ty="-0.036591"/>
  </frame>
  <frame idx="350" w="215" h="159" x="-90.162621" y="-38.849964">
   <element name="bits" layername="rope" frame="1" z_index="10" m_a="-0.707107" m_b="0.707107" m_c="-0.707107" m_d="-0.707107" m_tx="0.003408" m_ty="-0.036591"/>
  </frame>
  <frame idx="375" w="215" h="159" x="-90.162621" y="-38.849964">
   <element name="bits" layername="rope" frame="1" z_index="10" m_a="-0.707107" m_b="0.707107" m_c="-0.707107" m_d="-0.707107" m_tx="0.003408" m_ty="-0.036591"/>
  </frame>
  <frame idx="400" w="215" h="159" x="-90.162621" y="-38.849964">
   <element name="bits" layername="rope" frame="1" z_index="10" m_a="-0.707107" m_b="0.707107" m_c="-0.707107" m_d="-0.707107" m_tx="0.003408" m_ty="-0.036591"/>
  </frame>
  <frame idx="425" w="215" h="159" x="-90.162621" y="-38.849964">
   <element name="bits" layername="rope" frame="1" z_index="10" m_a="-0.707107" m_b="0.707107" m_c="-0.707107" m_d="-0.707107" m_tx="0.003408" m_ty="-0.036591"/>
  </frame>
  <frame idx="450" w="215" h="159" x="-90.162621" y="-38.849964">
   <element name="bits" layername="rope" frame="1" z_index="10" m_a="-0.707107" m_b="0.707107" m_c="-0.707107" m_d="-0.707107" m_tx="0.003408" m_ty="-0.036591"/>
  </frame>
  <frame idx="475" w="215" h="159" x="-90.162621" y="-38.849964">
   <element name="bits" layername="rope" frame="1" z_index="10" m_a="-0.707107" m_b="0.707107" m_c="-0.707107" m_d="-0.707107" m_tx="0.003408" m_ty="-0.036591"/>
  </frame>
  <frame idx="500" w="215" h="159" x="-90.162621" y="-38.849964">
   <element name="bits" layername="rope" frame="1" z_index="10" m_a="-0.707107" m_b="0.707107" m_c="-0.707107" m_d="-0.707107" m_tx="0.003408" m_ty="-0.036591"/>
  </frame>
  <frame idx="525" w="215" h="159" x="-90.162621" y="-38.849964">
   <element name="bits" layername="rope" frame="1" z_index="10" m_a="-0.707107" m_b="0.707107" m_c="-0.707107" m_d="-0.707107" m_tx="0.003408" m_ty="-0.036591"/>
  </frame>
  <frame idx="550" w="215" h="159" x="-90.162621" y="-38.849964">
   <element name="bits" layername="rope" frame="1" z_index="10" m_a="-0.707107" m_b="0.707107" m_c="-0.707107" m_d="-0.707107" m_tx="0.003408" m_ty="-0.036591"/>
  </frame>
  <frame idx="575" w="215" h="159" x="-90.162621" y="-38.849964">
   <element name="bits" layername="rope" frame="1" z_index="10" m_a="-0.707107" m_b="0.707107" m_c="-0.707107" m_d="-0.707107" m_tx="0.003408" m_ty="-0.036591"/>
  </frame>
  <frame idx="600" w="215" h="159" x="-90.162621" y="-38.849964">
   <element name="bits" layername="rope" frame="1" z_index="10" m_a="-0.707107" m_b="0.707107" m_c="-0.707107" m_d="-0.707107" m_tx="0.003408" m_ty="-0.036591"/>
  </frame>
  <frame idx="625" w="215" h="159" x="-90.162621" y="-38.849964">
   <element name="bits" layername="rope" frame="1" z_index="10" m_a="-0.707107" m_b="0.707107" m_c="-0.707107" m_d="-0.707107" m_tx="0.003408" m_ty="-0.036591"/>
  </frame>
  <frame idx="650" w="215" h="159" x="-90.162621" y="-38.849964">
   <element name="bits" layername="rope" frame="1" z_index="10" m_a="-0.707107" m_b="0.707107" m_c="-0.707107" m_d="-0.707107" m_tx="0.003408" m_ty="-0.036591"/>
  </frame>
  <frame idx="675" w="215" h="159" x="-90.162621" y="-38.849964">
   <element name="bits" layername="rope" frame="1" z_index="10" m_a="-0.707107" m_b="0.707107" m_c="-0.707107" m_d="-0.707107" m_tx="0.003408" m_ty="-0.036591"/>
  </frame>
  <frame idx="700" w="215" h="159" x="-90.162621" y="-38.849964">
   <element name="bits" layername="rope" frame="1" z_index="10" m_a="-0.707107" m_b="0.707107" m_c="-0.707107" m_d="-0.707107" m_tx="0.003408" m_ty="-0.036591"/>
  </frame>
  <frame idx="725" w="215" h="159" x="-90.162621" y="-38.849964">
   <element name="bits" layername="rope" frame="1" z_index="10" m_a="-0.707107" m_b="0.707107" m_c="-0.707107" m_d="-0.707107" m_tx="0.003408" m_ty="-0.036591"/>
  </frame>
  <frame idx="750" w="215" h="159" x="-90.162621" y="-38.849964">
   <element name="bits" layername="rope" frame="1" z_index="10" m_a="-0.707107" m_b="0.707107" m_c="-0.707107" m_d="-0.707107" m_tx="0.003408" m_ty="-0.036591"/>
  </frame>
  <frame idx="775" w="215" h="159" x="-90.162621" y="-38.849964">
   <element name="bits" layername="rope" frame="1" z_index="10" m_a="-0.707107" m_b="0.707107" m_c="-0.707107" m_d="-0.707107" m_tx="0.003408" m_ty="-0.036591"/>
  </frame>
  <frame idx="800" w="215" h="159" x="-90.162621" y="-38.849964">
   <element name="bits" layername="rope" frame="1" z_index="10" m_a="-0.707107" m_b="0.707107" m_c="-0.707107" m_d="-0.707107" m_tx="0.003408" m_ty="-0.036591"/>
  </frame>
  <frame idx="825" w="215" h="159" x="-90.162621" y="-38.849964">
   <element name="bits" layername="rope" frame="1" z_index="10" m_a="-0.707107" m_b="0.707107" m_c="-0.707107" m_d="-0.707107" m_tx="0.003408" m_ty="-0.036591"/>
  </frame>
  <frame idx="850" w="215" h="159" x="-90.162621" y="-38.849964">
   <element name="bits" layername="rope" frame="1" z_index="10" m_a="-0.707107" m_b="0.707107" m_c="-0.707107" m_d="-0.707107" m_tx="0.003408" m_ty="-0.036591"/>
  </frame>
  <frame idx="875" w="215" h="159" x="-90.162621" y="-38.849964">
   <element name="bits" layername="rope" frame="1" z_index="10" m_a="-0.707107" m_b="0.707107" m_c="-0.707107" m_d="-0.707107" m_tx="0.003408" m_ty="-0.036591"/>
  </frame>
  <frame idx="900" w="215" h="159" x="-90.162621" y="-38.849964">
   <element name="bits" layername="rope" frame="1" z_index="10" m_a="-0.707107" m_b="0.707107" m_c="-0.707107" m_d="-0.707107" m_tx="0.003408" m_ty="-0.036591"/>
  </frame>
  <frame idx="925" w="215" h="159" x="-90.162621" y="-38.849964">
   <element name="bits" layername="rope" frame="1" z_index="10" m_a="-0.707107" m_b="0.707107" m_c="-0.707107" m_d="-0.707107" m_tx="0.003408" m_ty="-0.036591"/>
  </frame>
  <frame idx="950" w="215" h="159" x="-90.162621" y="-38.849964">
   <element name="bits" layername="rope" frame="1" z_index="10" m_a="-0.707107" m_b="0.707107" m_c="-0.707107" m_d="-0.707107" m_tx="0.003408" m_ty="-0.036591"/>
  </frame>
  <frame idx="975" w="215" h="159" x="-90.162621" y="-38.849964">
   <element name="bits" layername="rope" frame="1" z_index="10" m_a="-0.707107" m_b="0.707107" m_c="-0.707107" m_d="-0.707107" m_tx="0.003408" m_ty="-0.036591"/>
  </frame>
 </anim>
 <anim name="chainidle_down" root="harpoon_rope" numframes="1000" framerate="40">
  <frame idx="0" w="164" h="165" x="-74.836716" y="-75.849960">
   <element name="bits" layername="rope" frame="1" z_index="10" m_a="-1.000000" m_b="0.000000" m_c="-0.000000" m_d="-1.000000" m_tx="0.003408" m_ty="-0.036591"/>
  </frame>
  <frame idx="25" w="164" h="165" x="-74.836716" y="-75.849960">
   <element name="bits" layername="rope" frame="1" z_index="10" m_a="-1.000000" m_b="0.000000" m_c="-0.000000" m_d="-1.000000" m_tx="0.003408" m_ty="-0.036591"/>
  </frame>
  <frame idx="50" w="164" h="165" x="-74.836716" y="-75.849960">
   <element name="bits" layername="rope" frame="1" z_index="10" m_a="-1.000000" m_b="0.000000" m_c="-0.000000" m_d="-1.000000" m_tx="0.003408" m_ty="-0.036591"/>
  </frame>
  <frame idx="75" w="164" h="165" x="-74.836716" y="-75.849960">
   <element name="bits" layername="rope" frame="1" z_index="10" m_a="-1.000000" m_b="0.000000" m_c="-0.000000" m_d="-1.000000" m_tx="0.003408" m_ty="-0.036591"/>
  </frame>
  <frame idx="100" w="164" h="165" x="-74.836716" y="-75.849960">
   <element name="bits" layername="rope" frame="1" z_index="10" m_a="-1.000000" m_b="0.000000" m_c="-0.000000" m_d="-1.000000" m_tx="0.003408" m_ty="-0.036591"/>
  </frame>
  <frame idx="125" w="164" h="165" x="-74.836716" y="-75.849960">
   <element name="bits" layername="rope" frame="1" z_index="10" m_a="-1.000000" m_b="0.000000" m_c="-0.000000" m_d="-1.000000" m_tx="0.003408" m_ty="-0.036591"/>
  </frame>
  <frame idx="150" w="164" h="165" x="-74.836716" y="-75.849960">
   <element name="bits" layername="rope" frame="1" z_index="10" m_a="-1.000000" m_b="0.000000" m_c="-0.000000" m_d="-1.000000" m_tx="0.003408" m_ty="-0.036591"/>
  </frame>
  <frame idx="175" w="164" h="165" x="-74.836716" y="-75.849960">
   <element name="bits" layername="rope" frame="1" z_index="10" m_a="-1.000000" m_b="0.000000" m_c="-0.000000" m_d="-1.000000" m_tx="0.003408" m_ty="-0.036591"/>
  </frame>
  <frame idx="200" w="164" h="165" x="-74.836716" y="-75.849960">
   <element name="bits" layername="rope" frame="1" z_index="10" m_a="-1.000000" m_b="0.000000" m_c="-0.000000" m_d="-1.000000" m_tx="0.003408" m_ty="-0.036591"/>
  </frame>
  <frame idx="225" w="164" h="165" x="-74.836716" y="-75.849960">
   <element name="bits" layername="rope" frame="1" z_index="10" m_a="-1.000000" m_b="0.000000" m_c="-0.000000" m_d="-1.000000" m_tx="0.003408" m_ty="-0.036591"/>
  </frame>
  <frame idx="250" w="164" h="165" x="-74.836716" y="-75.849960">
   <element name="bits" layername="rope" frame="1" z_index="10" m_a="-1.000000" m_b="0.000000" m_c="-0.000000" m_d="-1.000000" m_tx="0.003408" m_ty="-0.036591"/>
  </frame>
  <frame idx="275" w="164" h="165" x="-74.836716" y="-75.849960">
   <element name="bits" layername="rope" frame="1" z_index="10" m_a="-1.000000" m_b="0.000000" m_c="-0.000000" m_d="-1.000000" m_tx="0.003408" m_ty="-0.036591"/>
  </frame>
  <frame idx="300" w="164" h="165" x="-74.836716" y="-75.849960">
   <element name="bits" layername="rope" frame="1" z_index="10" m_a="-1.000000" m_b="0.000000" m_c="-0.000000" m_d="-1.000000" m_tx="0.003408" m_ty="-0.036591"/>
  </frame>
  <frame idx="325" w="164" h="165" x="-74.836716" y="-75.849960">
   <element name="bits" layername="rope" frame="1" z_index="10" m_a="-1.000000" m_b="0.000000" m_c="-0.000000" m_d="-1.000000" m_tx="0.003408" m_ty="-0.036591"/>
  </frame>
  <frame idx="350" w="164" h="165" x="-74.836716" y="-75.849960">
   <element name="bits" layername="rope" frame="1" z_index="10" m_a="-1.000000" m_b="0.000000" m_c="-0.000000" m_d="-1.000000" m_tx="0.003408" m_ty="-0.036591"/>
  </frame>
  <frame idx="375" w="164" h="165" x="-74.836716" y="-75.849960">
   <element name="bits" layername="rope" frame="1" z_index="10" m_a="-1.000000" m_b="0.000000" m_c="-0.000000" m_d="-1.000000" m_tx="0.003408" m_ty="-0.036591"/>
  </frame>
  <frame idx="400" w="164" h="165" x="-74.836716" y="-75.849960">
   <element name="bits" layername="rope" frame="1" z_index="10" m_a="-1.000000" m_b="0.000000" m_c="-0.000000" m_d="-1.000000" m_tx="0.003408" m_ty="-0.036591"/>
  </frame>
  <frame idx="425" w="164" h="165" x="-74.836716" y="-75.849960">
   <element name="bits" layername="rope" frame="1" z_index="10" m_a="-1.000000" m_b="0.000000" m_c="-0.000000" m_d="-1.000000" m_tx="0.003408" m_ty="-0.036591"/>
  </frame>
  <frame idx="450" w="164" h="165" x="-74.836716" y="-75.849960">
   <element name="bits" layername="rope" frame="1" z_index="10" m_a="-1.000000" m_b="0.000000" m_c="-0.000000" m_d="-1.000000" m_tx="0.003408" m_ty="-0.036591"/>
  </frame>
  <frame idx="475" w="164" h="165" x="-74.836716" y="-75.849960">
   <element name="bits" layername="rope" frame="1" z_index="10" m_a="-1.000000" m_b="0.000000" m_c="-0.000000" m_d="-1.000000" m_tx="0.003408" m_ty="-0.036591"/>
  </frame>
  <frame idx="500" w="164" h="165" x="-74.836716" y="-75.849960">
   <element name="bits" layername="rope" frame="1" z_index="10" m_a="-1.000000" m_b="0.000000" m_c="-0.000000" m_d="-1.000000" m_tx="0.003408" m_ty="-0.036591"/>
  </frame>
  <frame idx="525" w="164" h="165" x="-74.836716" y="-75.849960">
   <element name="bits" layername="rope" frame="1" z_index="10" m_a="-1.000000" m_b="0.000000" m_c="-0.000000" m_d="-1.000000" m_tx="0.003408" m_ty="-0.036591"/>
  </frame>
  <frame idx="550" w="164" h="165" x="-74.836716" y="-75.849960">
   <element name="bits" layername="rope" frame="1" z_index="10" m_a="-1.000000" m_b="0.000000" m_c="-0.000000" m_d="-1.000000" m_tx="0.003408" m_ty="-0.036591"/>
  </frame>
  <frame idx="575" w="164" h="165" x="-74.836716" y="-75.849960">
   <element name="bits" layername="rope" frame="1" z_index="10" m_a="-1.000000" m_b="0.000000" m_c="-0.000000" m_d="-1.000000" m_tx="0.003408" m_ty="-0.036591"/>
  </frame>
  <frame idx="600" w="164" h="165" x="-74.836716" y="-75.849960">
   <element name="bits" layername="rope" frame="1" z_index="10" m_a="-1.000000" m_b="0.000000" m_c="-0.000000" m_d="-1.000000" m_tx="0.003408" m_ty="-0.036591"/>
  </frame>
  <frame idx="625" w="164" h="165" x="-74.836716" y="-75.849960">
   <element name="bits" layername="rope" frame="1" z_index="10" m_a="-1.000000" m_b="0.000000" m_c="-0.000000" m_d="-1.000000" m_tx="0.003408" m_ty="-0.036591"/>
  </frame>
  <frame idx="650" w="164" h="165" x="-74.836716" y="-75.849960">
   <element name="bits" layername="rope" frame="1" z_index="10" m_a="-1.000000" m_b="0.000000" m_c="-0.000000" m_d="-1.000000" m_tx="0.003408" m_ty="-0.036591"/>
  </frame>
  <frame idx="675" w="164" h="165" x="-74.836716" y="-75.849960">
   <element name="bits" layername="rope" frame="1" z_index="10" m_a="-1.000000" m_b="0.000000" m_c="-0.000000" m_d="-1.000000" m_tx="0.003408" m_ty="-0.036591"/>
  </frame>
  <frame idx="700" w="164" h="165" x="-74.836716" y="-75.849960">
   <element name="bits" layername="rope" frame="1" z_index="10" m_a="-1.000000" m_b="0.000000" m_c="-0.000000" m_d="-1.000000" m_tx="0.003408" m_ty="-0.036591"/>
  </frame>
  <frame idx="725" w="164" h="165" x="-74.836716" y="-75.849960">
   <element name="bits" layername="rope" frame="1" z_index="10" m_a="-1.000000" m_b="0.000000" m_c="-0.000000" m_d="-1.000000" m_tx="0.003408" m_ty="-0.036591"/>
  </frame>
  <frame idx="750" w="164" h="165" x="-74.836716" y="-75.849960">
   <element name="bits" layername="rope" frame="1" z_index="10" m_a="-1.000000" m_b="0.000000" m_c="-0.000000" m_d="-1.000000" m_tx="0.003408" m_ty="-0.036591"/>
  </frame>
  <frame idx="775" w="164" h="165" x="-74.836716" y="-75.849960">
   <element name="bits" layername="rope" frame="1" z_index="10" m_a="-1.000000" m_b="0.000000" m_c="-0.000000" m_d="-1.000000" m_tx="0.003408" m_ty="-0.036591"/>
  </frame>
  <frame idx="800" w="164" h="165" x="-74.836716" y="-75.849960">
   <element name="bits" layername="rope" frame="1" z_index="10" m_a="-1.000000" m_b="0.000000" m_c="-0.000000" m_d="-1.000000" m_tx="0.003408" m_ty="-0.036591"/>
  </frame>
  <frame idx="825" w="164" h="165" x="-74.836716" y="-75.849960">
   <element name="bits" layername="rope" frame="1" z_index="10" m_a="-1.000000" m_b="0.000000" m_c="-0.000000" m_d="-1.000000" m_tx="0.003408" m_ty="-0.036591"/>
  </frame>
  <frame idx="850" w="164" h="165" x="-74.836716" y="-75.849960">
   <element name="bits" layername="rope" frame="1" z_index="10" m_a="-1.000000" m_b="0.000000" m_c="-0.000000" m_d="-1.000000" m_tx="0.003408" m_ty="-0.036591"/>
  </frame>
  <frame idx="875" w="164" h="165" x="-74.836716" y="-75.849960">
   <element name="bits" layername="rope" frame="1" z_index="10" m_a="-1.000000" m_b="0.000000" m_c="-0.000000" m_d="-1.000000" m_tx="0.003408" m_ty="-0.036591"/>
  </frame>
  <frame idx="900" w="164" h="165" x="-74.836716" y="-75.849960">
   <element name="bits" layername="rope" frame="1" z_index="10" m_a="-1.000000" m_b="0.000000" m_c="-0.000000" m_d="-1.000000" m_tx="0.003408" m_ty="-0.036591"/>
  </frame>
  <frame idx="925" w="164" h="165" x="-74.836716" y="-75.849960">
   <element name="bits" layername="rope" frame="1" z_index="10" m_a="-1.000000" m_b="0.000000" m_c="-0.000000" m_d="-1.000000" m_tx="0.003408" m_ty="-0.036591"/>
  </frame>
  <frame idx="950" w="164" h="165" x="-74.836716" y="-75.849960">
   <element name="bits" layername="rope" frame="1" z_index="10" m_a="-1.000000" m_b="0.000000" m_c="-0.000000" m_d="-1.000000" m_tx="0.003408" m_ty="-0.036591"/>
  </frame>
  <frame idx="975" w="164" h="165" x="-74.836716" y="-75.849960">
   <element name="bits" layername="rope" frame="1" z_index="10" m_a="-1.000000" m_b="0.000000" m_c="-0.000000" m_d="-1.000000" m_tx="0.003408" m_ty="-0.036591"/>
  </frame>
 </anim>
 <anim name="idle_up" root="harpoon_rope" numframes="1000" framerate="40">
  <frame idx="0" w="82" h="85" x="0.255600" y="-2.744324">
   <element name="bits" layername="rope" frame="0" z_index="10" m_a="1.000000" m_b="0.000000" m_c="0.000000" m_d="1.000000" m_tx="0.003408" m_ty="-0.036591"/>
  </frame>
  <frame idx="25" w="82" h="85" x="0.255600" y="-2.744324">
   <element name="bits" layername="rope" frame="0" z_index="10" m_a="1.000000" m_b="0.000000" m_c="0.000000" m_d="1.000000" m_tx="0.003408" m_ty="-0.036591"/>
  </frame>
  <frame idx="50" w="82" h="85" x="0.255600" y="-2.744324">
   <element name="bits" layername="rope" frame="0" z_index="10" m_a="1.000000" m_b="0.000000" m_c="0.000000" m_d="1.000000" m_tx="0.003408" m_ty="-0.036591"/>
  </frame>
  <frame idx="75" w="82" h="85" x="0.255600" y="-2.744324">
   <element name="bits" layername="rope" frame="0" z_index="10" m_a="1.000000" m_b="0.000000" m_c="0.000000" m_d="1.000000" m_tx="0.003408" m_ty="-0.036591"/>
  </frame>
  <frame idx="100" w="82" h="85" x="0.255600" y="-2.744324">
   <element name="bits" layername="rope" frame="0" z_index="10" m_a="1.000000" m_b="0.000000" m_c="0.000000" m_d="1.000000" m_tx="0.003408" m_ty="-0.036591"/>
  </frame>
  <frame idx="125" w="82" h="85" x="0.255600" y="-2.744324">
   <element name="bits" layername="rope" frame="0" z_index="10" m_a="1.000000" m_b="0.000000" m_c="0.000000" m_d="1.000000" m_tx="0.003408" m_ty="-0.036591"/>
  </frame>
  <frame idx="150" w="82" h="85" x="0.255600" y="-2.744324">
   <element name="bits" layername="rope" frame="0" z_index="10" m_a="1.000000" m_b="0.000000" m_c="0.000000" m_d="1.000000" m_tx="0.003408" m_ty="-0.036591"/>
  </frame>
  <frame idx="175" w="82" h="85" x="0.255600" y="-2.744324">
   <element name="bits" layername="rope" frame="0" z_index="10" m_a="1.000000" m_b="0.000000" m_c="0.000000" m_d="1.000000" m_tx="0.003408" m_ty="-0.036591"/>
  </frame>
  <frame idx="200" w="82" h="85" x="0.255600" y="-2.744324">
   <element name="bits" layername="rope" frame="0" z_index="10" m_a="1.000000" m_b="0.000000" m_c="0.000000" m_d="1.000000" m_tx="0.003408" m_ty="-0.036591"/>
  </frame>
  <frame idx="225" w="82" h="85" x="0.255600" y="-2.744324">
   <element name="bits" layername="rope" frame="0" z_index="10" m_a="1.000000" m_b="0.000000" m_c="0.000000" m_d="1.000000" m_tx="0.003408" m_ty="-0.036591"/>
  </frame>
  <frame idx="250" w="82" h="85" x="0.255600" y="-2.744324">
   <element name="bits" layername="rope" frame="0" z_index="10" m_a="1.000000" m_b="0.000000" m_c="0.000000" m_d="1.000000" m_tx="0.003408" m_ty="-0.036591"/>
  </frame>
  <frame idx="275" w="82" h="85" x="0.255600" y="-2.744324">
   <element name="bits" layername="rope" frame="0" z_index="10" m_a="1.000000" m_b="0.000000" m_c="0.000000" m_d="1.000000" m_tx="0.003408" m_ty="-0.036591"/>
  </frame>
  <frame idx="300" w="82" h="85" x="0.255600" y="-2.744324">
   <element name="bits" layername="rope" frame="0" z_index="10" m_a="1.000000" m_b="0.000000" m_c="0.000000" m_d="1.000000" m_tx="0.003408" m_ty="-0.036591"/>
  </frame>
  <frame idx="325" w="82" h="85" x="0.255600" y="-2.744324">
   <element name="bits" layername="rope" frame="0" z_index="10" m_a="1.000000" m_b="0.000000" m_c="0.000000" m_d="1.000000" m_tx="0.003408" m_ty="-0.036591"/>
  </frame>
  <frame idx="350" w="82" h="85" x="0.255600" y="-2.744324">
   <element name="bits" layername="rope" frame="0" z_index="10" m_a="1.000000" m_b="0.000000" m_c="0.000000" m_d="1.000000" m_tx="0.003408" m_ty="-0.036591"/>
  </frame>
  <frame idx="375" w="82" h="85" x="0.255600" y="-2.744324">
   <element name="bits" layername="rope" frame="0" z_index="10" m_a="1.000000" m_b="0.000000" m_c="0.000000" m_d="1.000000" m_tx="0.003408" m_ty="-0.036591"/>
  </frame>
  <frame idx="400" w="82" h="85" x="0.255600" y="-2.744324">
   <element name="bits" layername="rope" frame="0" z_index="10" m_a="1.000000" m_b="0.000000" m_c="0.000000" m_d="1.000000" m_tx="0.003408" m_ty="-0.036591"/>
  </frame>
  <frame idx="425" w="82" h="85" x="0.255600" y="-2.744324">
   <element name="bits" layername="rope" frame="0" z_index="10" m_a="1.000000" m_b="0.000000" m_c="0.000000" m_d="1.000000" m_tx="0.003408" m_ty="-0.036591"/>
  </frame>
  <frame idx="450" w="82" h="85" x="0.255600" y="-2.744324">
   <element name="bits" layername="rope" frame="0" z_index="10" m_a="1.000000" m_b="0.000000" m_c="0.000000" m_d="1.000000" m_tx="0.003408" m_ty="-0.036591"/>
  </frame>
  <frame idx="475" w="82" h="85" x="0.255600" y="-2.744324">
   <element name="bits" layername="rope" frame="0" z_index="10" m_a="1.000000" m_b="0.000000" m_c="0.000000" m_d="1.000000" m_tx="0.003408" m_ty="-0.036591"/>
  </frame>
  <frame idx="500" w="82" h="85" x="0.255600" y="-2.744324">
   <element name="bits" layername="rope" frame="0" z_index="10" m_a="1.000000" m_b="0.000000" m_c="0.000000" m_d="1.000000" m_tx="0.003408" m_ty="-0.036591"/>
  </frame>
  <frame idx="525" w="82" h="85" x="0.255600" y="-2.744324">
   <element name="bits" layername="rope" frame="0" z_index="10" m_a="1.000000" m_b="0.000000" m_c="0.000000" m_d="1.000000" m_tx="0.003408" m_ty="-0.036591"/>
  </frame>
  <frame idx="550" w="82" h="85" x="0.255600" y="-2.744324">
   <element name="bits" layername="rope" frame="0" z_index="10" m_a="1.000000" m_b="0.000000" m_c="0.000000" m_d="1.000000" m_tx="0.003408" m_ty="-0.036591"/>
  </frame>
  <frame idx="575" w="82" h="85" x="0.255600" y="-2.744324">
   <element name="bits" layername="rope" frame="0" z_index="10" m_a="1.000000" m_b="0.000000" m_c="0.000000" m_d="1.000000" m_tx="0.003408" m_ty="-0.036591"/>
  </frame>
  <frame idx="600" w="82" h="85" x="0.255600" y="-2.744324">
   <element name="bits" layername="rope" frame="0" z_index="10" m_a="1.000000" m_b="0.000000" m_c="0.000000" m_d="1.000000" m_tx="0.003408" m_ty="-0.036591"/>
  </frame>
  <frame idx="625" w="82" h="85" x="0.255600" y="-2.744324">
   <element name="bits" layername="rope" frame="0" z_index="10" m_a="1.000000" m_b="0.000000" m_c="0.000000" m_d="1.000000" m_tx="0.003408" m_ty="-0.036591"/>
  </frame>
  <frame idx="650" w="82" h="85" x="0.255600" y="-2.744324">
   <element name="bits" layername="rope" frame="0" z_index="10" m_a="1.000000" m_b="0.000000" m_c="0.000000" m_d="1.000000" m_tx="0.003408" m_ty="-0.036591"/>
  </frame>
  <frame idx="675" w="82" h="85" x="0.255600" y="-2.744324">
   <element name="bits" layername="rope" frame="0" z_index="10" m_a="1.000000" m_b="0.000000" m_c="0.000000" m_d="1.000000" m_tx="0.003408" m_ty="-0.036591"/>
  </frame>
  <frame idx="700" w="82" h="85" x="0.255600" y="-2.744324">
   <element name="bits" layername="rope" frame="0" z_index="10" m_a="1.000000" m_b="0.000000" m_c="0.000000" m_d="1.000000" m_tx="0.003408" m_ty="-0.036591"/>
  </frame>
  <frame idx="725" w="82" h="85" x="0.255600" y="-2.744324">
   <element name="bits" layername="rope" frame="0" z_index="10" m_a="1.000000" m_b="0.000000" m_c="0.000000" m_d="1.000000" m_tx="0.003408" m_ty="-0.036591"/>
  </frame>
  <frame idx="750" w="82" h="85" x="0.255600" y="-2.744324">
   <element name="bits" layername="rope" frame="0" z_index="10" m_a="1.000000" m_b="0.000000" m_c="0.000000" m_d="1.000000" m_tx="0.003408" m_ty="-0.036591"/>
  </frame>
  <frame idx="775" w="82" h="85" x="0.255600" y="-2.744324">
   <element name="bits" layername="rope" frame="0" z_index="10" m_a="1.000000" m_b="0.000000" m_c="0.000000" m_d="1.000000" m_tx="0.003408" m_ty="-0.036591"/>
  </frame>
  <frame idx="800" w="82" h="85" x="0.255600" y="-2.744324">
   <element name="bits" layername="rope" frame="0" z_index="10" m_a="1.000000" m_b="0.000000" m_c="0.000000" m_d="1.000000" m_tx="0.003408" m_ty="-0.036591"/>
  </frame>
  <frame idx="825" w="82" h="85" x="0.255600" y="-2.744324">
   <element name="bits" layername="rope" frame="0" z_index="10" m_a="1.000000" m_b="0.000000" m_c="0.000000" m_d="1.000000" m_tx="0.003408" m_ty="-0.036591"/>
  </frame>
  <frame idx="850" w="82" h="85" x="0.255600" y="-2.744324">
   <element name="bits" layername="rope" frame="0" z_index="10" m_a="1.000000" m_b="0.000000" m_c="0.000000" m_d="1.000000" m_tx="0.003408" m_ty="-0.036591"/>
  </frame>
  <frame idx="875" w="82" h="85" x="0.255600" y="-2.744324">
   <element name="bits" layername="rope" frame="0" z_index="10" m_a="1.000000" m_b="0.000000" m_c="0.000000" m_d="1.000000" m_tx="0.003408" m_ty="-0.036591"/>
  </frame>
  <frame idx="900" w="82" h="85" x="0.255600" y="-2.744324">
   <element name="bits" layername="rope" frame="0" z_index="10" m_a="1.000000" m_b="0.000000" m_c="0.000000" m_d="1.000000" m_tx="0.003408" m_ty="-0.036591"/>
  </frame>
  <frame idx="925" w="82" h="85" x="0.255600" y="-2.744324">
   <element name="bits" layername="rope" frame="0" z_index="10" m_a="1.000000" m_b="0.000000" m_c="0.000000" m_d="1.000000" m_tx="0.003408" m_ty="-0.036591"/>
  </frame>
  <frame idx="950" w="82" h="85" x="0.255600" y="-2.744324">
   <element name="bits" layername="rope" frame="0" z_index="10" m_a="1.000000" m_b="0.000000" m_c="0.000000" m_d="1.000000" m_tx="0.003408" m_ty="-0.036591"/>
  </frame>
  <frame idx="975" w="82" h="85" x="0.255600" y="-2.744324">
   <element name="bits" layername="rope" frame="0" z_index="10" m_a="1.000000" m_b="0.000000" m_c="0.000000" m_d="1.000000" m_tx="0.003408" m_ty="-0.036591"/>
  </frame>
 </anim>
 <anim name="idle_upside" root="harpoon_rope" numframes="1000" framerate="40">
  <frame idx="0" w="157" h="103" x="-36.744408" y="12.581577">
   <element name="bits" layername="rope" frame="0" z_index="10" m_a="0.707107" m_b="0.707107" m_c="-0.707107" m_d="0.707107" m_tx="0.003408" m_ty="-0.036591"/>
  </frame>
  <frame idx="25" w="157" h="103" x="-36.744408" y="12.581577">
   <element name="bits" layername="rope" frame="0" z_index="10" m_a="0.707107" m_b="0.707107" m_c="-0.707107" m_d="0.707107" m_tx="0.003408" m_ty="-0.036591"/>
  </frame>
  <frame idx="50" w="157" h="103" x="-36.744408" y="12.581577">
   <element name="bits" layername="rope" frame="0" z_index="10" m_a="0.707107" m_b="0.707107" m_c="-0.707107" m_d="0.707107" m_tx="0.003408" m_ty="-0.036591"/>
  </frame>
  <frame idx="75" w="157" h="103" x="-36.744408" y="12.581577">
   <element name="bits" layername="rope" frame="0" z_index="10" m_a="0.707107" m_b="0.707107" m_c="-0.707107" m_d="0.707107" m_tx="0.003408" m_ty="-0.036591"/>
  </frame>
  <frame idx="100" w="157" h="103" x="-36.744408" y="12.581577">
   <element name="bits" layername="rope" frame="0" z_index="10" m_a="0.707107" m_b="0.707107" m_c="-0.707107" m_d="0.707107" m_tx="0.003408" m_ty="-0.036591"/>
  </frame>
  <frame idx="125" w="157" h="103" x="-36.744408" y="12.581577">
   <element name="bits" layername="rope" frame="0" z_index="10" m_a="0.707107" m_b="0.707107" m_c="-0.707107" m_d="0.707107" m_tx="0.003408" m_ty="-0.036591"/>
  </frame>
  <frame idx="150" w="157" h="103" x="-36.744408" y="12.581577">
   <element name="bits" layername="rope" frame="0" z_index="10" m_a="0.707107" m_b="0.707107" m_c="-0.707107" m_d="0.707107" m_tx="0.003408" m_ty="-0.036591"/>
  </frame>
  <frame idx="175" w="157" h="103" x="-36.744408" y="12.581577">
   <element name="bits" layername="rope" frame="0" z_index="10" m_a="0.707107" m_b="0.707107" m_c="-0.707107" m_d="0.707107" m_tx="0.003408" m_ty="-0.036591"/>
  </frame>
  <frame idx="200" w="157" h="103" x="-36.744408" y="12.581577">
   <element name="bits" layername="rope" frame="0" z_index="10" m_a="0.707107" m_b="0.707107" m_c="-0.707107" m_d="0.707107" m_tx="0.003408" m_ty="-0.036591"/>
  </frame>
  <frame idx="225" w="157" h="103" x="-36.744408" y="12.581577">
   <element name="bits" layername="rope" frame="0" z_index="10" m_a="0.707107" m_b="0.707107" m_c="-0.707107" m_d="0.707107" m_tx="0.003408" m_ty="-0.036591"/>
  </frame>
  <frame idx="250" w="157" h="103" x="-36.744408" y="12.581577">
   <element name="bits" layername="rope" frame="0" z_index="10" m_a="0.707107" m_b="0.707107" m_c="-0.707107" m_d="0.707107" m_tx="0.003408" m_ty="-0.036591"/>
  </frame>
  <frame idx="275" w="157" h="103" x="-36.744408" y="12.581577">
   <element name="bits" layername="rope" frame="0" z_index="10" m_a="0.707107" m_b="0.707107" m_c="-0.707107" m_d="0.707107" m_tx="0.003408" m_ty="-0.036591"/>
  </frame>
  <frame idx="300" w="157" h="103" x="-36.744408" y="12.581577">
   <element name="bits" layername="rope" frame="0" z_index="10" m_a="0.707107" m_b="0.707107" m_c="-0.707107" m_d="0.707107" m_tx="0.003408" m_ty="-0.036591"/>
  </frame>
  <frame idx="325" w="157" h="103" x="-36.744408" y="12.581577">
   <element name="bits" layername="rope" frame="0" z_index="10" m_a="0.707107" m_b="0.707107" m_c="-0.707107" m_d="0.707107" m_tx="0.003408" m_ty="-0.036591"/>
  </frame>
  <frame idx="350" w="157" h="103" x="-36.744408" y="12.581577">
   <element name="bits" layername="rope" frame="0" z_index="10" m_a="0.707107" m_b="0.707107" m_c="-0.707107" m_d="0.707107" m_tx="0.003408" m_ty="-0.036591"/>
  </frame>
  <frame idx="375" w="157" h="103" x="-36.744408" y="12.581577">
   <element name="bits" layername="rope" frame="0" z_index="10" m_a="0.707107" m_b="0.707107" m_c="-0.707107" m_d="0.707107" m_tx="0.003408" m_ty="-0.036591"/>
  </frame>
  <frame idx="400" w="157" h="103" x="-36.744408" y="12.581577">
   <element name="bits" layername="rope" frame="0" z_index="10" m_a="0.707107" m_b="0.707107" m_c="-0.707107" m_d="0.707107" m_tx="0.003408" m_ty="-0.036591"/>
  </frame>
  <frame idx="425" w="157" h="103" x="-36.744408" y="12.581577">
   <element name="bits" layername="rope" frame="0" z_index="10" m_a="0.707107" m_b="0.707107" m_c="-0.707107" m_d="0.707107" m_tx="0.003408" m_ty="-0.036591"/>
  </frame>
  <frame idx="450" w="157" h="103" x="-36.744408" y="12.581577">
   <element name="bits" layername="rope" frame="0" z_index="10" m_a="0.707107" m_b="0.707107" m_c="-0.707107" m_d="0.707107" m_tx="0.003408" m_ty="-0.036591"/>
  </frame>
  <frame idx="475" w="157" h="103" x="-36.744408" y="12.581577">
   <element name="bits" layername="rope" frame="0" z_index="10" m_a="0.707107" m_b="0.707107" m_c="-0.707107" m_d="0.707107" m_tx="0.003408" m_ty="-0.036591"/>
  </frame>
  <frame idx="500" w="157" h="103" x="-36.744408" y="12.581577">
   <element name="bits" layername="rope" frame="0" z_index="10" m_a="0.707107" m_b="0.707107" m_c="-0.707107" m_d="0.707107" m_tx="0.003408" m_ty="-0.036591"/>
  </frame>
  <frame idx="525" w="157" h="103" x="-36.744408" y="12.581577">
   <element name="bits" layername="rope" frame="0" z_index="10" m_a="0.707107" m_b="0.707107" m_c="-0.707107" m_d="0.707107" m_tx="0.003408" m_ty="-0.036591"/>
  </frame>
  <frame idx="550" w="157" h="103" x="-36.744408" y="12.581577">
   <element name="bits" layername="rope" frame="0" z_index="10" m_a="0.707107" m_b="0.707107" m_c="-0.707107" m_d="0.707107" m_tx="0.003408" m_ty="-0.036591"/>
  </frame>
  <frame idx="575" w="157" h="103" x="-36.744408" y="12.581577">
   <element name="bits" layername="rope" frame="0" z_index="10" m_a="0.707107" m_b="0.707107" m_c="-0.707107" m_d="0.707107" m_tx="0.003408" m_ty="-0.036591"/>
  </frame>
  <frame idx="600" w="157" h="103" x="-36.744408" y="12.581577">
   <element name="bits" layername="rope" frame="0" z_index="10" m_a="0.707107" m_b="0.707107" m_c="-0.707107" m_d="0.707107" m_tx="0.003408" m_ty="-0.036591"/>
  </frame>
  <frame idx="625" w="157" h="103" x="-36.744408" y="12.581577">
   <element name="bits" layername="rope" frame="0" z_index="10" m_a="0.707107" m_b="0.707107" m_c="-0.707107" m_d="0.707107" m_tx="0.003408" m_ty="-0.036591"/>
  </frame>
  <frame idx="650" w="157" h="103" x="-36.744408" y="12.581577">
   <element name="bits" layername="rope" frame="0" z_index="10" m_a="0.707107" m_b="0.707107" m_c="-0.707107" m_d="0.707107" m_tx="0.003408" m_ty="-0.036591"/>
  </frame>
  <frame idx="675" w="157" h="103" x="-36.744408" y="12.581577">
   <element name="bits" layername="rope" frame="0" z_index="10" m_a="0.707107" m_b="0.707107" m_c="-0.707107" m_d="0.707107" m_tx="0.003408" m_ty="-0.036591"/>
  </frame>
  <frame idx="700" w="157" h="103" x="-36.744408" y="12.581577">
   <element name="bits" layername="rope" frame="0" z_index="10" m_a="0.707107" m_b="0.707107" m_c="-0.707107" m_d="0.707107" m_tx="0.003408" m_ty="-0.036591"/>
  </frame>
  <frame idx="725" w="157" h="103" x="-36.744408" y="12.581577">
   <element name="bits" layername="rope" frame="0" z_index="10" m_a="0.707107" m_b="0.707107" m_c="-0.707107" m_d="0.707107" m_tx="0.003408" m_ty="-0.036591"/>
  </frame>
  <frame idx="750" w="157" h="103" x="-36.744408" y="12.581577">
   <element name="bits" layername="rope" frame="0" z_index="10" m_a="0.707107" m_b="0.707107" m_c="-0.707107" m_d="0.707107" m_tx="0.003408" m_ty="-0.036591"/>
  </frame>
  <frame idx="775" w="157" h="103" x="-36.744408" y="12.581577">
   <element name="bits" layername="rope" frame="0" z_index="10" m_a="0.707107" m_b="0.707107" m_c="-0.707107" m_d="0.707107" m_tx="0.003408" m_ty="-0.036591"/>
  </frame>
  <frame idx="800" w="157" h="103" x="-36.744408" y="12.581577">
   <element name="bits" layername="rope" frame="0" z_index="10" m_a="0.707107" m_b="0.707107" m_c="-0.707107" m_d="0.707107" m_tx="0.003408" m_ty="-0.036591"/>
  </frame>
  <frame idx="825" w="157" h="103" x="-36.744408" y="12.581577">
   <element name="bits" layername="rope" frame="0" z_index="10" m_a="0.707107" m_b="0.707107" m_c="-0.707107" m_d="0.707107" m_tx="0.003408" m_ty="-0.036591"/>
  </frame>
  <frame idx="850" w="157" h="103" x="-36.744408" y="12.581577">
   <element name="bits" layername="rope" frame="0" z_index="10" m_a="0.707107" m_b="0.707107" m_c="-0.707107" m_d="0.707107" m_tx="0.003408" m_ty="-0.036591"/>
  </frame>
  <frame idx="875" w="157" h="103" x="-36.744408" y="12.581577">
   <element name="bits" layername="rope" frame="0" z_index="10" m_a="0.707107" m_b="0.707107" m_c="-0.707107" m_d="0.707107" m_tx="0.003408" m_ty="-0.036591"/>
  </frame>
  <frame idx="900" w="157" h="103" x="-36.744408" y="12.581577">
   <element name="bits" layername="rope" frame="0" z_index="10" m_a="0.707107" m_b="0.707107" m_c="-0.707107" m_d="0.707107" m_tx="0.003408" m_ty="-0.036591"/>
  </frame>
  <frame idx="925" w="157" h="103" x="-36.744408" y="12.581577">
   <element name="bits" layername="rope" frame="0" z_index="10" m_a="0.707107" m_b="0.707107" m_c="-0.707107" m_d="0.707107" m_tx="0.003408" m_ty="-0.036591"/>
  </frame>
  <frame idx="950" w="157" h="103" x="-36.744408" y="12.581577">
   <element name="bits" layername="rope" frame="0" z_index="10" m_a="0.707107" m_b="0.707107" m_c="-0.707107" m_d="0.707107" m_tx="0.003408" m_ty="-0.036591"/>
  </frame>
  <frame idx="975" w="157" h="103" x="-36.744408" y="12.581577">
   <element name="bits" layername="rope" frame="0" z_index="10" m_a="0.707107" m_b="0.707107" m_c="-0.707107" m_d="0.707107" m_tx="0.003408" m_ty="-0.036591"/>
  </frame>
 </anim>
 <anim name="idle_side" root="harpoon_rope" numframes="1000" framerate="40">
  <frame idx="0" w="163" h="85" x="-73.744400" y="-2.744324">
   <element name="bits" layername="rope" frame="0" z_index="10" m_a="0.000000" m_b="1.000000" m_c="-1.000000" m_d="0.000000" m_tx="0.003408" m_ty="-0.036591"/>
  </frame>
  <frame idx="25" w="163" h="85" x="-73.744400" y="-2.744324">
   <element name="bits" layername="rope" frame="0" z_index="10" m_a="0.000000" m_b="1.000000" m_c="-1.000000" m_d="0.000000" m_tx="0.003408" m_ty="-0.036591"/>
  </frame>
  <frame idx="50" w="163" h="85" x="-73.744400" y="-2.744324">
   <element name="bits" layername="rope" frame="0" z_index="10" m_a="0.000000" m_b="1.000000" m_c="-1.000000" m_d="0.000000" m_tx="0.003408" m_ty="-0.036591"/>
  </frame>
  <frame idx="75" w="163" h="85" x="-73.744400" y="-2.744324">
   <element name="bits" layername="rope" frame="0" z_index="10" m_a="0.000000" m_b="1.000000" m_c="-1.000000" m_d="0.000000" m_tx="0.003408" m_ty="-0.036591"/>
  </frame>
  <frame idx="100" w="163" h="85" x="-73.744400" y="-2.744324">
   <element name="bits" layername="rope" frame="0" z_index="10" m_a="0.000000" m_b="1.000000" m_c="-1.000000" m_d="0.000000" m_tx="0.003408" m_ty="-0.036591"/>
  </frame>
  <frame idx="125" w="163" h="85" x="-73.744400" y="-2.744324">
   <element name="bits" layername="rope" frame="0" z_index="10" m_a="0.000000" m_b="1.000000" m_c="-1.000000" m_d="0.000000" m_tx="0.003408" m_ty="-0.036591"/>
  </frame>
  <frame idx="150" w="163" h="85" x="-73.744400" y="-2.744324">
   <element name="bits" layername="rope" frame="0" z_index="10" m_a="0.000000" m_b="1.000000" m_c="-1.000000" m_d="0.000000" m_tx="0.003408" m_ty="-0.036591"/>
  </frame>
  <frame idx="175" w="163" h="85" x="-73.744400" y="-2.744324">
   <element name="bits" layername="rope" frame="0" z_index="10" m_a="0.000000" m_b="1.000000" m_c="-1.000000" m_d="0.000000" m_tx="0.003408" m_ty="-0.036591"/>
  </frame>
  <frame idx="200" w="163" h="85" x="-73.744400" y="-2.744324">
   <element name="bits" layername="rope" frame="0" z_index="10" m_a="0.000000" m_b="1.000000" m_c="-1.000000" m_d="0.000000" m_tx="0.003408" m_ty="-0.036591"/>
  </frame>
  <frame idx="225" w="163" h="85" x="-73.744400" y="-2.744324">
   <element name="bits" layername="rope" frame="0" z_index="10" m_a="0.000000" m_b="1.000000" m_c="-1.000000" m_d="0.000000" m_tx="0.003408" m_ty="-0.036591"/>
  </frame>
  <frame idx="250" w="163" h="85" x="-73.744400" y="-2.744324">
   <element name="bits" layername="rope" frame="0" z_index="10" m_a="0.000000" m_b="1.000000" m_c="-1.000000" m_d="0.000000" m_tx="0.003408" m_ty="-0.036591"/>
  </frame>
  <frame idx="275" w="163" h="85" x="-73.744400" y="-2.744324">
   <element name="bits" layername="rope" frame="0" z_index="10" m_a="0.000000" m_b="1.000000" m_c="-1.000000" m_d="0.000000" m_tx="0.003408" m_ty="-0.036591"/>
  </frame>
  <frame idx="300" w="163" h="85" x="-73.744400" y="-2.744324">
   <element name="bits" layername="rope" frame="0" z_index="10" m_a="0.000000" m_b="1.000000" m_c="-1.000000" m_d="0.000000" m_tx="0.003408" m_ty="-0.036591"/>
  </frame>
  <frame idx="325" w="163" h="85" x="-73.744400" y="-2.744324">
   <element name="bits" layername="rope" frame="0" z_index="10" m_a="0.000000" m_b="1.000000" m_c="-1.000000" m_d="0.000000" m_tx="0.003408" m_ty="-0.036591"/>
  </frame>
  <frame idx="350" w="163" h="85" x="-73.744400" y="-2.744324">
   <element name="bits" layername="rope" frame="0" z_index="10" m_a="0.000000" m_b="1.000000" m_c="-1.000000" m_d="0.000000" m_tx="0.003408" m_ty="-0.036591"/>
  </frame>
  <frame idx="375" w="163" h="85" x="-73.744400" y="-2.744324">
   <element name="bits" layername="rope" frame="0" z_index="10" m_a="0.000000" m_b="1.000000" m_c="-1.000000" m_d="0.000000" m_tx="0.003408" m_ty="-0.036591"/>
  </frame>
  <frame idx="400" w="163" h="85" x="-73.744400" y="-2.744324">
   <element name="bits" layername="rope" frame="0" z_index="10" m_a="0.000000" m_b="1.000000" m_c="-1.000000" m_d="0.000000" m_tx="0.003408" m_ty="-0.036591"/>
  </frame>
  <frame idx="425" w="163" h="85" x="-73.744400" y="-2.744324">
   <element name="bits" layername="rope" frame="0" z_index="10" m_a="0.000000" m_b="1.000000" m_c="-1.000000" m_d="0.000000" m_tx="0.003408" m_ty="-0.036591"/>
  </frame>
  <frame idx="450" w="163" h="85" x="-73.744400" y="-2.744324">
   <element name="bits" layername="rope" frame="0" z_index="10" m_a="0.000000" m_b="1.000000" m_c="-1.000000" m_d="0.000000" m_tx="0.003408" m_ty="-0.036591"/>
  </frame>
  <frame idx="475" w="163" h="85" x="-73.744400" y="-2.744324">
   <element name="bits" layername="rope" frame="0" z_index="10" m_a="0.000000" m_b="1.000000" m_c="-1.000000" m_d="0.000000" m_tx="0.003408" m_ty="-0.036591"/>
  </frame>
  <frame idx="500" w="163" h="85" x="-73.744400" y="-2.744324">
   <element name="bits" layername="rope" frame="0" z_index="10" m_a="0.000000" m_b="1.000000" m_c="-1.000000" m_d="0.000000" m_tx="0.003408" m_ty="-0.036591"/>
  </frame>
  <frame idx="525" w="163" h="85" x="-73.744400" y="-2.744324">
   <element name="bits" layername="rope" frame="0" z_index="10" m_a="0.000000" m_b="1.000000" m_c="-1.000000" m_d="0.000000" m_tx="0.003408" m_ty="-0.036591"/>
  </frame>
  <frame idx="550" w="163" h="85" x="-73.744400" y="-2.744324">
   <element name="bits" layername="rope" frame="0" z_index="10" m_a="0.000000" m_b="1.000000" m_c="-1.000000" m_d="0.000000" m_tx="0.003408" m_ty="-0.036591"/>
  </frame>
  <frame idx="575" w="163" h="85" x="-73.744400" y="-2.744324">
   <element name="bits" layername="rope" frame="0" z_index="10" m_a="0.000000" m_b="1.000000" m_c="-1.000000" m_d="0.000000" m_tx="0.003408" m_ty="-0.036591"/>
  </frame>
  <frame idx="600" w="163" h="85" x="-73.744400" y="-2.744324">
   <element name="bits" layername="rope" frame="0" z_index="10" m_a="0.000000" m_b="1.000000" m_c="-1.000000" m_d="0.000000" m_tx="0.003408" m_ty="-0.036591"/>
  </frame>
  <frame idx="625" w="163" h="85" x="-73.744400" y="-2.744324">
   <element name="bits" layername="rope" frame="0" z_index="10" m_a="0.000000" m_b="1.000000" m_c="-1.000000" m_d="0.000000" m_tx="0.003408" m_ty="-0.036591"/>
  </frame>
  <frame idx="650" w="163" h="85" x="-73.744400" y="-2.744324">
   <element name="bits" layername="rope" frame="0" z_index="10" m_a="0.000000" m_b="1.000000" m_c="-1.000000" m_d="0.000000" m_tx="0.003408" m_ty="-0.036591"/>
  </frame>
  <frame idx="675" w="163" h="85" x="-73.744400" y="-2.744324">
   <element name="bits" layername="rope" frame="0" z_index="10" m_a="0.000000" m_b="1.000000" m_c="-1.000000" m_d="0.000000" m_tx="0.003408" m_ty="-0.036591"/>
  </frame>
  <frame idx="700" w="163" h="85" x="-73.744400" y="-2.744324">
   <element name="bits" layername="rope" frame="0" z_index="10" m_a="0.000000" m_b="1.000000" m_c="-1.000000" m_d="0.000000" m_tx="0.003408" m_ty="-0.036591"/>
  </frame>
  <frame idx="725" w="163" h="85" x="-73.744400" y="-2.744324">
   <element name="bits" layername="rope" frame="0" z_index="10" m_a="0.000000" m_b="1.000000" m_c="-1.000000" m_d="0.000000" m_tx="0.003408" m_ty="-0.036591"/>
  </frame>
  <frame idx="750" w="163" h="85" x="-73.744400" y="-2.744324">
   <element name="bits" layername="rope" frame="0" z_index="10" m_a="0.000000" m_b="1.000000" m_c="-1.000000" m_d="0.000000" m_tx="0.003408" m_ty="-0.036591"/>
  </frame>
  <frame idx="775" w="163" h="85" x="-73.744400" y="-2.744324">
   <element name="bits" layername="rope" frame="0" z_index="10" m_a="0.000000" m_b="1.000000" m_c="-1.000000" m_d="0.000000" m_tx="0.003408" m_ty="-0.036591"/>
  </frame>
  <frame idx="800" w="163" h="85" x="-73.744400" y="-2.744324">
   <element name="bits" layername="rope" frame="0" z_index="10" m_a="0.000000" m_b="1.000000" m_c="-1.000000" m_d="0.000000" m_tx="0.003408" m_ty="-0.036591"/>
  </frame>
  <frame idx="825" w="163" h="85" x="-73.744400" y="-2.744324">
   <element name="bits" layername="rope" frame="0" z_index="10" m_a="0.000000" m_b="1.000000" m_c="-1.000000" m_d="0.000000" m_tx="0.003408" m_ty="-0.036591"/>
  </frame>
  <frame idx="850" w="163" h="85" x="-73.744400" y="-2.744324">
   <element name="bits" layername="rope" frame="0" z_index="10" m_a="0.000000" m_b="1.000000" m_c="-1.000000" m_d="0.000000" m_tx="0.003408" m_ty="-0.036591"/>
  </frame>
  <frame idx="875" w="163" h="85" x="-73.744400" y="-2.744324">
   <element name="bits" layername="rope" frame="0" z_index="10" m_a="0.000000" m_b="1.000000" m_c="-1.000000" m_d="0.000000" m_tx="0.003408" m_ty="-0.036591"/>
  </frame>
  <frame idx="900" w="163" h="85" x="-73.744400" y="-2.744324">
   <element name="bits" layername="rope" frame="0" z_index="10" m_a="0.000000" m_b="1.000000" m_c="-1.000000" m_d="0.000000" m_tx="0.003408" m_ty="-0.036591"/>
  </frame>
  <frame idx="925" w="163" h="85" x="-73.744400" y="-2.744324">
   <element name="bits" layername="rope" frame="0" z_index="10" m_a="0.000000" m_b="1.000000" m_c="-1.000000" m_d="0.000000" m_tx="0.003408" m_ty="-0.036591"/>
  </frame>
  <frame idx="950" w="163" h="85" x="-73.744400" y="-2.744324">
   <element name="bits" layername="rope" frame="0" z_index="10" m_a="0.000000" m_b="1.000000" m_c="-1.000000" m_d="0.000000" m_tx="0.003408" m_ty="-0.036591"/>
  </frame>
  <frame idx="975" w="163" h="85" x="-73.744400" y="-2.744324">
   <element name="bits" layername="rope" frame="0" z_index="10" m_a="0.000000" m_b="1.000000" m_c="-1.000000" m_d="0.000000" m_tx="0.003408" m_ty="-0.036591"/>
  </frame>
 </anim>
 <anim name="idle_downside" root="harpoon_rope" numframes="1000" framerate="40">
  <frame idx="0" w="214" h="160" x="-89.070305" y="-39.744328">
   <element name="bits" layername="rope" frame="0" z_index="10" m_a="-0.707107" m_b="0.707107" m_c="-0.707107" m_d="-0.707107" m_tx="0.003408" m_ty="-0.036591"/>
  </frame>
  <frame idx="25" w="214" h="160" x="-89.070305" y="-39.744328">
   <element name="bits" layername="rope" frame="0" z_index="10" m_a="-0.707107" m_b="0.707107" m_c="-0.707107" m_d="-0.707107" m_tx="0.003408" m_ty="-0.036591"/>
  </frame>
  <frame idx="50" w="214" h="160" x="-89.070305" y="-39.744328">
   <element name="bits" layername="rope" frame="0" z_index="10" m_a="-0.707107" m_b="0.707107" m_c="-0.707107" m_d="-0.707107" m_tx="0.003408" m_ty="-0.036591"/>
  </frame>
  <frame idx="75" w="214" h="160" x="-89.070305" y="-39.744328">
   <element name="bits" layername="rope" frame="0" z_index="10" m_a="-0.707107" m_b="0.707107" m_c="-0.707107" m_d="-0.707107" m_tx="0.003408" m_ty="-0.036591"/>
  </frame>
  <frame idx="100" w="214" h="160" x="-89.070305" y="-39.744328">
   <element name="bits" layername="rope" frame="0" z_index="10" m_a="-0.707107" m_b="0.707107" m_c="-0.707107" m_d="-0.707107" m_tx="0.003408" m_ty="-0.036591"/>
  </frame>
  <frame idx="125" w="214" h="160" x="-89.070305" y="-39.744328">
   <element name="bits" layername="rope" frame="0" z_index="10" m_a="-0.707107" m_b="0.707107" m_c="-0.707107" m_d="-0.707107" m_tx="0.003408" m_ty="-0.036591"/>
  </frame>
  <frame idx="150" w="214" h="160" x="-89.070305" y="-39.744328">
   <element name="bits" layername="rope" frame="0" z_index="10" m_a="-0.707107" m_b="0.707107" m_c="-0.707107" m_d="-0.707107" m_tx="0.003408" m_ty="-0.036591"/>
  </frame>
  <frame idx="175" w="214" h="160" x="-89.070305" y="-39.744328">
   <element name="bits" layername="rope" frame="0" z_index="10" m_a="-0.707107" m_b="0.707107" m_c="-0.707107" m_d="-0.707107" m_tx="0.003408" m_ty="-0.036591"/>
  </frame>
  <frame idx="200" w="214" h="160" x="-89.070305" y="-39.744328">
   <element name="bits" layername="rope" frame="0" z_index="10" m_a="-0.707107" m_b="0.707107" m_c="-0.707107" m_d="-0.707107" m_tx="0.003408" m_ty="-0.036591"/>
  </frame>
  <frame idx="225" w="214" h="160" x="-89.070305" y="-39.744328">
   <element name="bits" layername="rope" frame="0" z_index="10" m_a="-0.707107" m_b="0.707107" m_c="-0.707107" m_d="-0.707107" m_tx="0.003408" m_ty="-0.036591"/>
  </frame>
  <frame idx="250" w="214" h="160" x="-89.070305" y="-39.744328">
   <element name="bits" layername="rope" frame="0" z_index="10" m_a="-0.707107" m_b="0.707107" m_c="-0.707107" m_d="-0.707107" m_tx="0.003408" m_ty="-0.036591"/>
  </frame>
  <frame idx="275" w="214" h="160" x="-89.070305" y="-39.744328">
   <element name="bits" layername="rope" frame="0" z_index="10" m_a="-0.707107" m_b="0.707107" m_c="-0.707107" m_d="-0.707107" m_tx="0.003408" m_ty="-0.036591"/>
  </frame>
  <frame idx="300" w="214" h="160" x="-89.070305" y="-39.744328">
   <element name="bits" layername="rope" frame="0" z_index="10" m_a="-0.707107" m_b="0.707107" m_c="-0.707107" m_d="-0.707107" m_tx="0.003408" m_ty="-0.036591"/>
  </frame>
  <frame idx="325" w="214" h="160" x="-89.070305" y="-39.744328">
   <element name="bits" layername="rope" frame="0" z_index="10" m_a="-0.707107" m_b="0.707107" m_c="-0.707107" m_d="-0.707107" m_tx="0.003408" m_ty="-0.036591"/>
  </frame>
  <frame idx="350" w="214" h="160" x="-89.070305" y="-39.744328">
   <element name="bits" layername="rope" frame="0" z_index="10" m_a="-0.707107" m_b="0.707107" m_c="-0.707107" m_d="-0.707107" m_tx="0.003408" m_ty="-0.036591"/>
  </frame>
  <frame idx="375" w="214" h="160" x="-89.070305" y="-39.744328">
   <element name="bits" layername="rope" frame="0" z_index="10" m_a="-0.707107" m_b="0.707107" m_c="-0.707107" m_d="-0.707107" m_tx="0.003408" m_ty="-0.036591"/>
  </frame>
  <frame idx="400" w="214" h="160" x="-89.070305" y="-39.744328">
   <element name="bits" layername="rope" frame="0" z_index="10" m_a="-0.707107" m_b="0.707107" m_c="-0.707107" m_d="-0.707107" m_tx="0.003408" m_ty="-0.036591"/>
  </frame>
  <frame idx="425" w="214" h="160" x="-89.070305" y="-39.744328">
   <element name="bits" layername="rope" frame="0" z_index="10" m_a="-0.707107" m_b="0.707107" m_c="-0.707107" m_d="-0.707107" m_tx="0.003408" m_ty="-0.036591"/>
  </frame>
  <frame idx="450" w="214" h="160" x="-89.070305" y="-39.744328">
   <element name="bits" layername="rope" frame="0" z_index="10" m_a="-0.707107" m_b="0.707107" m_c="-0.707107" m_d="-0.707107" m_tx="0.003408" m_ty="-0.036591"/>
  </frame>
  <frame idx="475" w="214" h="160" x="-89.070305" y="-39.744328">
   <element name="bits" layername="rope" frame="0" z_index="10" m_a="-0.707107" m_b="0.707107" m_c="-0.707107" m_d="-0.707107" m_tx="0.003408" m_ty="-0.036591"/>
  </frame>
  <frame idx="500" w="214" h="160" x="-89.070305" y="-39.744328">
   <element name="bits" layername="rope" frame="0" z_index="10" m_a="-0.707107" m_b="0.707107" m_c="-0.707107" m_d="-0.707107" m_tx="0.003408" m_ty="-0.036591"/>
  </frame>
  <frame idx="525" w="214" h="160" x="-89.070305" y="-39.744328">
   <element name="bits" layername="rope" frame="0" z_index="10" m_a="-0.707107" m_b="0.707107" m_c="-0.707107" m_d="-0.707107" m_tx="0.003408" m_ty="-0.036591"/>
  </frame>
  <frame idx="550" w="214" h="160" x="-89.070305" y="-39.744328">
   <element name="bits" layername="rope" frame="0" z_index="10" m_a="-0.707107" m_b="0.707107" m_c="-0.707107" m_d="-0.707107" m_tx="0.003408" m_ty="-0.036591"/>
  </frame>
  <frame idx="575" w="214" h="160" x="-89.070305" y="-39.744328">
   <element name="bits" layername="rope" frame="0" z_index="10" m_a="-0.707107" m_b="0.707107" m_c="-0.707107" m_d="-0.707107" m_tx="0.003408" m_ty="-0.036591"/>
  </frame>
  <frame idx="600" w="214" h="160" x="-89.070305" y="-39.744328">
   <element name="bits" layername="rope" frame="0" z_index="10" m_a="-0.707107" m_b="0.707107" m_c="-0.707107" m_d="-0.707107" m_tx="0.003408" m_ty="-0.036591"/>
  </frame>
  <frame idx="625" w="214" h="160" x="-89.070305" y="-39.744328">
   <element name="bits" layername="rope" frame="0" z_index="10" m_a="-0.707107" m_b="0.707107" m_c="-0.707107" m_d="-0.707107" m_tx="0.003408" m_ty="-0.036591"/>
  </frame>
  <frame idx="650" w="214" h="160" x="-89.070305" y="-39.744328">
   <element name="bits" layername="rope" frame="0" z_index="10" m_a="-0.707107" m_b="0.707107" m_c="-0.707107" m_d="-0.707107" m_tx="0.003408" m_ty="-0.036591"/>
  </frame>
  <frame idx="675" w="214" h="160" x="-89.070305" y="-39.744328">
   <element name="bits" layername="rope" frame="0" z_index="10" m_a="-0.707107" m_b="0.707107" m_c="-0.707107" m_d="-0.707107" m_tx="0.003408" m_ty="-0.036591"/>
  </frame>
  <frame idx="700" w="214" h="160" x="-89.070305" y="-39.744328">
   <element name="bits" layername="rope" frame="0" z_index="10" m_a="-0.707107" m_b="0.707107" m_c="-0.707107" m_d="-0.707107" m_tx="0.003408" m_ty="-0.036591"/>
  </frame>
  <frame idx="725" w="214" h="160" x="-89.070305" y="-39.744328">
   <element name="bits" layername="rope" frame="0" z_index="10" m_a="-0.707107" m_b="0.707107" m_c="-0.707107" m_d="-0.707107" m_tx="0.003408" m_ty="-0.036591"/>
  </frame>
  <frame idx="750" w="214" h="160" x="-89.070305" y="-39.744328">
   <element name="bits" layername="rope" frame="0" z_index="10" m_a="-0.707107" m_b="0.707107" m_c="-0.707107" m_d="-0.707107" m_tx="0.003408" m_ty="-0.036591"/>
  </frame>
  <frame idx="775" w="214" h="160" x="-89.070305" y="-39.744328">
   <element name="bits" layername="rope" frame="0" z_index="10" m_a="-0.707107" m_b="0.707107" m_c="-0.707107" m_d="-0.707107" m_tx="0.003408" m_ty="-0.036591"/>
  </frame>
  <frame idx="800" w="214" h="160" x="-89.070305" y="-39.744328">
   <element name="bits" layername="rope" frame="0" z_index="10" m_a="-0.707107" m_b="0.707107" m_c="-0.707107" m_d="-0.707107" m_tx="0.003408" m_ty="-0.036591"/>
  </frame>
  <frame idx="825" w="214" h="160" x="-89.070305" y="-39.744328">
   <element name="bits" layername="rope" frame="0" z_index="10" m_a="-0.707107" m_b="0.707107" m_c="-0.707107" m_d="-0.707107" m_tx="0.003408" m_ty="-0.036591"/>
  </frame>
  <frame idx="850" w="214" h="160" x="-89.070305" y="-39.744328">
   <element name="bits" layername="rope" frame="0" z_index="10" m_a="-0.707107" m_b="0.707107" m_c="-0.707107" m_d="-0.707107" m_tx="0.003408" m_ty="-0.036591"/>
  </frame>
  <frame idx="875" w="214" h="160" x="-89.070305" y="-39.744328">
   <element name="bits" layername="rope" frame="0" z_index="10" m_a="-0.707107" m_b="0.707107" m_c="-0.707107" m_d="-0.707107" m_tx="0.003408" m_ty="-0.036591"/>
  </frame>
  <frame idx="900" w="214" h="160" x="-89.070305" y="-39.744328">
   <element name="bits" layername="rope" frame="0" z_index="10" m_a="-0.707107" m_b="0.707107" m_c="-0.707107" m_d="-0.707107" m_tx="0.003408" m_ty="-0.036591"/>
  </frame>
  <frame idx="925" w="214" h="160" x="-89.070305" y="-39.744328">
   <element name="bits" layername="rope" frame="0" z_index="10" m_a="-0.707107" m_b="0.707107" m_c="-0.707107" m_d="-0.707107" m_tx="0.003408" m_ty="-0.036591"/>
  </frame>
  <frame idx="950" w="214" h="160" x="-89.070305" y="-39.744328">
   <element name="bits" layername="rope" frame="0" z_index="10" m_a="-0.707107" m_b="0.707107" m_c="-0.707107" m_d="-0.707107" m_tx="0.003408" m_ty="-0.036591"/>
  </frame>
  <frame idx="975" w="214" h="160" x="-89.070305" y="-39.744328">
   <element name="bits" layername="rope" frame="0" z_index="10" m_a="-0.707107" m_b="0.707107" m_c="-0.707107" m_d="-0.707107" m_tx="0.003408" m_ty="-0.036591"/>
  </frame>
 </anim>
 <anim name="idle_down" root="harpoon_rope" numframes="1000" framerate="40">
  <frame idx="0" w="163" h="167" x="-73.744400" y="-76.744324">
   <element name="bits" layername="rope" frame="0" z_index="10" m_a="-1.000000" m_b="0.000000" m_c="-0.000000" m_d="-1.000000" m_tx="0.003408" m_ty="-0.036591"/>
  </frame>
  <frame idx="25" w="163" h="167" x="-73.744400" y="-76.744324">
   <element name="bits" layername="rope" frame="0" z_index="10" m_a="-1.000000" m_b="0.000000" m_c="-0.000000" m_d="-1.000000" m_tx="0.003408" m_ty="-0.036591"/>
  </frame>
  <frame idx="50" w="163" h="167" x="-73.744400" y="-76.744324">
   <element name="bits" layername="rope" frame="0" z_index="10" m_a="-1.000000" m_b="0.000000" m_c="-0.000000" m_d="-1.000000" m_tx="0.003408" m_ty="-0.036591"/>
  </frame>
  <frame idx="75" w="163" h="167" x="-73.744400" y="-76.744324">
   <element name="bits" layername="rope" frame="0" z_index="10" m_a="-1.000000" m_b="0.000000" m_c="-0.000000" m_d="-1.000000" m_tx="0.003408" m_ty="-0.036591"/>
  </frame>
  <frame idx="100" w="163" h="167" x="-73.744400" y="-76.744324">
   <element name="bits" layername="rope" frame="0" z_index="10" m_a="-1.000000" m_b="0.000000" m_c="-0.000000" m_d="-1.000000" m_tx="0.003408" m_ty="-0.036591"/>
  </frame>
  <frame idx="125" w="163" h="167" x="-73.744400" y="-76.744324">
   <element name="bits" layername="rope" frame="0" z_index="10" m_a="-1.000000" m_b="0.000000" m_c="-0.000000" m_d="-1.000000" m_tx="0.003408" m_ty="-0.036591"/>
  </frame>
  <frame idx="150" w="163" h="167" x="-73.744400" y="-76.744324">
   <element name="bits" layername="rope" frame="0" z_index="10" m_a="-1.000000" m_b="0.000000" m_c="-0.000000" m_d="-1.000000" m_tx="0.003408" m_ty="-0.036591"/>
  </frame>
  <frame idx="175" w="163" h="167" x="-73.744400" y="-76.744324">
   <element name="bits" layername="rope" frame="0" z_index="10" m_a="-1.000000" m_b="0.000000" m_c="-0.000000" m_d="-1.000000" m_tx="0.003408" m_ty="-0.036591"/>
  </frame>
  <frame idx="200" w="163" h="167" x="-73.744400" y="-76.744324">
   <element name="bits" layername="rope" frame="0" z_index="10" m_a="-1.000000" m_b="0.000000" m_c="-0.000000" m_d="-1.000000" m_tx="0.003408" m_ty="-0.036591"/>
  </frame>
  <frame idx="225" w="163" h="167" x="-73.744400" y="-76.744324">
   <element name="bits" layername="rope" frame="0" z_index="10" m_a="-1.000000" m_b="0.000000" m_c="-0.000000" m_d="-1.000000" m_tx="0.003408" m_ty="-0.036591"/>
  </frame>
  <frame idx="250" w="163" h="167" x="-73.744400" y="-76.744324">
   <element name="bits" layername="rope" frame="0" z_index="10" m_a="-1.000000" m_b="0.000000" m_c="-0.000000" m_d="-1.000000" m_tx="0.003408" m_ty="-0.036591"/>
  </frame>
  <frame idx="275" w="163" h="167" x="-73.744400" y="-76.744324">
   <element name="bits" layername="rope" frame="0" z_index="10" m_a="-1.000000" m_b="0.000000" m_c="-0.000000" m_d="-1.000000" m_tx="0.003408" m_ty="-0.036591"/>
  </frame>
  <frame idx="300" w="163" h="167" x="-73.744400" y="-76.744324">
   <element name="bits" layername="rope" frame="0" z_index="10" m_a="-1.000000" m_b="0.000000" m_c="-0.000000" m_d="-1.000000" m_tx="0.003408" m_ty="-0.036591"/>
  </frame>
  <frame idx="325" w="163" h="167" x="-73.744400" y="-76.744324">
   <element name="bits" layername="rope" frame="0" z_index="10" m_a="-1.000000" m_b="0.000000" m_c="-0.000000" m_d="-1.000000" m_tx="0.003408" m_ty="-0.036591"/>
  </frame>
  <frame idx="350" w="163" h="167" x="-73.744400" y="-76.744324">
   <element name="bits" layername="rope" frame="0" z_index="10" m_a="-1.000000" m_b="0.000000" m_c="-0.000000" m_d="-1.000000" m_tx="0.003408" m_ty="-0.036591"/>
  </frame>
  <frame idx="375" w="163" h="167" x="-73.744400" y="-76.744324">
   <element name="bits" layername="rope" frame="0" z_index="10" m_a="-1.000000" m_b="0.000000" m_c="-0.000000" m_d="-1.000000" m_tx="0.003408" m_ty="-0.036591"/>
  </frame>
  <frame idx="400" w="163" h="167" x="-73.744400" y="-76.744324">
   <element name="bits" layername="rope" frame="0" z_index="10" m_a="-1.000000" m_b="0.000000" m_c="-0.000000" m_d="-1.000000" m_tx="0.003408" m_ty="-0.036591"/>
  </frame>
  <frame idx="425" w="163" h="167" x="-73.744400" y="-76.744324">
   <element name="bits" layername="rope" frame="0" z_index="10" m_a="-1.000000" m_b="0.000000" m_c="-0.000000" m_d="-1.000000" m_tx="0.003408" m_ty="-0.036591"/>
  </frame>
  <frame idx="450" w="163" h="167" x="-73.744400" y="-76.744324">
   <element name="bits" layername="rope" frame="0" z_index="10" m_a="-1.000000" m_b="0.000000" m_c="-0.000000" m_d="-1.000000" m_tx="0.003408" m_ty="-0.036591"/>
  </frame>
  <frame idx="475" w="163" h="167" x="-73.744400" y="-76.744324">
   <element name="bits" layername="rope" frame="0" z_index="10" m_a="-1.000000" m_b="0.000000" m_c="-0.000000" m_d="-1.000000" m_tx="0.003408" m_ty="-0.036591"/>
  </frame>
  <frame idx="500" w="163" h="167" x="-73.744400" y="-76.744324">
   <element name="bits" layername="rope" frame="0" z_index="10" m_a="-1.000000" m_b="0.000000" m_c="-0.000000" m_d="-1.000000" m_tx="0.003408" m_ty="-0.036591"/>
  </frame>
  <frame idx="525" w="163" h="167" x="-73.744400" y="-76.744324">
   <element name="bits" layername="rope" frame="0" z_index="10" m_a="-1.000000" m_b="0.000000" m_c="-0.000000" m_d="-1.000000" m_tx="0.003408" m_ty="-0.036591"/>
  </frame>
  <frame idx="550" w="163" h="167" x="-73.744400" y="-76.744324">
   <element name="bits" layername="rope" frame="0" z_index="10" m_a="-1.000000" m_b="0.000000" m_c="-0.000000" m_d="-1.000000" m_tx="0.003408" m_ty="-0.036591"/>
  </frame>
  <frame idx="575" w="163" h="167" x="-73.744400" y="-76.744324">
   <element name="bits" layername="rope" frame="0" z_index="10" m_a="-1.000000" m_b="0.000000" m_c="-0.000000" m_d="-1.000000" m_tx="0.003408" m_ty="-0.036591"/>
  </frame>
  <frame idx="600" w="163" h="167" x="-73.744400" y="-76.744324">
   <element name="bits" layername="rope" frame="0" z_index="10" m_a="-1.000000" m_b="0.000000" m_c="-0.000000" m_d="-1.000000" m_tx="0.003408" m_ty="-0.036591"/>
  </frame>
  <frame idx="625" w="163" h="167" x="-73.744400" y="-76.744324">
   <element name="bits" layername="rope" frame="0" z_index="10" m_a="-1.000000" m_b="0.000000" m_c="-0.000000" m_d="-1.000000" m_tx="0.003408" m_ty="-0.036591"/>
  </frame>
  <frame idx="650" w="163" h="167" x="-73.744400" y="-76.744324">
   <element name="bits" layername="rope" frame="0" z_index="10" m_a="-1.000000" m_b="0.000000" m_c="-0.000000" m_d="-1.000000" m_tx="0.003408" m_ty="-0.036591"/>
  </frame>
  <frame idx="675" w="163" h="167" x="-73.744400" y="-76.744324">
   <element name="bits" layername="rope" frame="0" z_index="10" m_a="-1.000000" m_b="0.000000" m_c="-0.000000" m_d="-1.000000" m_tx="0.003408" m_ty="-0.036591"/>
  </frame>
  <frame idx="700" w="163" h="167" x="-73.744400" y="-76.744324">
   <element name="bits" layername="rope" frame="0" z_index="10" m_a="-1.000000" m_b="0.000000" m_c="-0.000000" m_d="-1.000000" m_tx="0.003408" m_ty="-0.036591"/>
  </frame>
  <frame idx="725" w="163" h="167" x="-73.744400" y="-76.744324">
   <element name="bits" layername="rope" frame="0" z_index="10" m_a="-1.000000" m_b="0.000000" m_c="-0.000000" m_d="-1.000000" m_tx="0.003408" m_ty="-0.036591"/>
  </frame>
  <frame idx="750" w="163" h="167" x="-73.744400" y="-76.744324">
   <element name="bits" layername="rope" frame="0" z_index="10" m_a="-1.000000" m_b="0.000000" m_c="-0.000000" m_d="-1.000000" m_tx="0.003408" m_ty="-0.036591"/>
  </frame>
  <frame idx="775" w="163" h="167" x="-73.744400" y="-76.744324">
   <element name="bits" layername="rope" frame="0" z_index="10" m_a="-1.000000" m_b="0.000000" m_c="-0.000000" m_d="-1.000000" m_tx="0.003408" m_ty="-0.036591"/>
  </frame>
  <frame idx="800" w="163" h="167" x="-73.744400" y="-76.744324">
   <element name="bits" layername="rope" frame="0" z_index="10" m_a="-1.000000" m_b="0.000000" m_c="-0.000000" m_d="-1.000000" m_tx="0.003408" m_ty="-0.036591"/>
  </frame>
  <frame idx="825" w="163" h="167" x="-73.744400" y="-76.744324">
   <element name="bits" layername="rope" frame="0" z_index="10" m_a="-1.000000" m_b="0.000000" m_c="-0.000000" m_d="-1.000000" m_tx="0.003408" m_ty="-0.036591"/>
  </frame>
  <frame idx="850" w="163" h="167" x="-73.744400" y="-76.744324">
   <element name="bits" layername="rope" frame="0" z_index="10" m_a="-1.000000" m_b="0.000000" m_c="-0.000000" m_d="-1.000000" m_tx="0.003408" m_ty="-0.036591"/>
  </frame>
  <frame idx="875" w="163" h="167" x="-73.744400" y="-76.744324">
   <element name="bits" layername="rope" frame="0" z_index="10" m_a="-1.000000" m_b="0.000000" m_c="-0.000000" m_d="-1.000000" m_tx="0.003408" m_ty="-0.036591"/>
  </frame>
  <frame idx="900" w="163" h="167" x="-73.744400" y="-76.744324">
   <element name="bits" layername="rope" frame="0" z_index="10" m_a="-1.000000" m_b="0.000000" m_c="-0.000000" m_d="-1.000000" m_tx="0.003408" m_ty="-0.036591"/>
  </frame>
  <frame idx="925" w="163" h="167" x="-73.744400" y="-76.744324">
   <element name="bits" layername="rope" frame="0" z_index="10" m_a="-1.000000" m_b="0.000000" m_c="-0.000000" m_d="-1.000000" m_tx="0.003408" m_ty="-0.036591"/>
  </frame>
  <frame idx="950" w="163" h="167" x="-73.744400" y="-76.744324">
   <element name="bits" layername="rope" frame="0" z_index="10" m_a="-1.000000" m_b="0.000000" m_c="-0.000000" m_d="-1.000000" m_tx="0.003408" m_ty="-0.036591"/>
  </frame>
  <frame idx="975" w="163" h="167" x="-73.744400" y="-76.744324">
   <element name="bits" layername="rope" frame="0" z_index="10" m_a="-1.000000" m_b="0.000000" m_c="-0.000000" m_d="-1.000000" m_tx="0.003408" m_ty="-0.036591"/>
  </frame>
 </anim>
</Anims>
